TotalDistance,Duration,Direct
353.861375,1532,1
353.416043,1450,1
346.753233,1213,1
350.611945,1327,1
369.674767,1535,1
2128.048145,16170,0
353.358752,1228,1
343.494554,1275,1
386.340252,2039,1
358.515655,1565,1
360.584096,1379,1
353.399624,1163,1
366.129232,1535,1
348.378243,1154,1
323.542157,1176,1
321.483186,1334,1
324.102987,1324,1
334.183223,1351,1
352.343382,1262,1
325.951227,1461,1
351.514221,1192,1
338.868475,1224,1
372.897652,1374,1
359.657287,1250,1
426.965581,2295,0
362.191099,1583,1
346.810767,1292,1
371.767721,1430,1
358.272046,1164,1
347.693912,1160,1
355.602946,1625,1
366.938566,2260,0
391.074991,1526,1
363.235793,1224,1
347.429306,1342,1
353.394887,1555,1
374.703522,3290,1
352.801784,1332,1
374.716525,1423,1
311.961006,1068,1
353.107051,1320,1
343.856716,1139,1
347.898435,1217,1
356.184253,3373,1
442.976465,2471,0
343.267436,1438,1
349.748841,2125,1
341.058584,1637,1
366.598452,1296,1
325.277419,1148,1
323.017205,1258,1
339.886005,1677,1
341.149635,3479,1
348.346849,1462,1
351.061136,1692,1
356.569236,1397,1
362.689491,1855,1
340.65374,1391,1
369.388592,3187,1
335.097197,1933,1
353.268334,1164,1
347.19484,1153,1
365.471502,2005,1
360.231386,1564,1
354.025323,1501,1
366.476413,1340,1
447.265747,3668,1
355.948237,1308,1
1418.569496,14762,0
323.532232,2285,1
423.892517,1902,1
359.186658,2063,0
355.264264,1439,1
358.420708,1736,1
351.372596,1160,1
359.835822,1156,1
348.931206,1348,1
328.278689,1023,1
328.815992,1784,1
350.507383,1286,1
371.990666,1576,1
351.442465,1267,1
349.070743,1368,1
362.789473,1711,1
463.426454,3001,0
421.790544,5074,1
343.703813,1201,1
384.880577,3663,1
345.858714,2011,1
435.254737,9262,1
353.746208,1841,1
350.348967,1747,1
352.88323,1133,1
355.6712,1827,1
361.837897,1417,1
360.493276,1356,1
354.353107,1271,1
356.432403,1821,1
358.725933,1606,1
334.142092,1366,1
332.718799,1302,1
356.75727,1391,1
321.202982,1314,1
310.642053,2058,1
325.618557,1623,1
361.985333,1893,1
360.963054,1347,1
363.057318,2091,1
337.104224,2373,1
346.106321,1302,1
347.000401,3104,1
343.824393,1323,1
355.928864,1144,1
334.710572,1162,1
365.209448,3428,1
348.075425,1381,1
2096.825757,14000,0
368.76782,1452,1
349.41745,1292,1
372.160171,1436,1
372.160171,1436,1
384.851836,15355,1
363.496396,1422,1
361.960208,1260,1
369.39894,1628,1
362.471683,1251,1
369.598034,1329,1
375.81643,1696,1
361.8483,1883,1
366.815549,1916,1
352.644283,1321,1
309.732615,4048,1
363.893811,1787,1
368.902346,1686,1
361.24763,1806,1
359.336558,1204,1
354.969829,1360,1
393.15876,6140,0
363.47772,1939,1
361.72988,1294,1
379.687585,1409,1
378.006725,1449,1
357.015219,1332,1
318.235915,1102,1
393.661051,1995,1
358.736131,1213,1
352.063141,1199,1
362.796242,1972,1
349.516286,2026,1
348.629804,1671,1
337.228291,1590,1
427.506382,3324,0
343.094983,1230,1
350.725076,1115,1
352.458062,1607,1
322.244835,1355,1
313.635325,1179,1
320.87722,1237,1
352.167511,1310,1
367.294273,1988,1
344.326261,1115,1
361.883346,1256,1
346.302314,1473,1
359.968122,1831,1
354.0657,1713,1
353.814149,1362,1
357.953293,1340,1
338.563946,1513,1
373.937469,1957,1
352.882173,1250,1
381.998583,3505,1
346.371767,1500,1
398.195423,2006,1
737.741718,9647,0
350.781421,1135,1
372.225932,1283,1
372.138047,1819,1
761.430222,6043,0
352.942983,1225,1
347.599502,1265,1
349.528817,1316,1
1018.843953,16868,0
354.603623,1439,1
335.817223,1238,1
348.22702,1845,1
353.742762,1389,1
355.794979,1395,1
372.318573,1711,1
377.690713,2365,1
358.67891,1695,1
370.879053,2287,1
350.900143,1515,1
368.788411,2118,1
346.834509,1285,1
370.415626,2720,1
380.330817,1933,1
353.76996,1682,1
379.175646,2403,1
350.972261,2721,1
324.003385,1115,1
358.437596,2374,1
359.469768,1432,1
380.910573,1595,1
374.763805,1286,1
326.578222,1248,1
331.692166,1141,1
326.385557,1112,1
327.54568,1380,1
376.509647,2370,1
364.387608,1355,1
412.31479,2228,1
366.991122,2959,1
332.260014,1567,1
364.253269,2484,0
374.372647,1796,1
346.4888,1193,1
368.677904,1112,1
349.127253,1150,1
291.806701,3808,1
341.1609,1815,1
368.040383,1563,1
364.095252,1238,1
374.142908,1085,1
382.750267,1723,1
372.714981,2093,1
343.449808,1115,1
365.634759,1244,1
355.894113,1696,1
337.043598,1306,1
349.201386,1161,1
350.5094,1218,1
305.321464,2504,1
368.738002,2306,1
372.123336,1774,1
368.120538,1263,1
368.87654,1187,1
348.436503,1595,1
354.965231,1216,1
341.900605,1914,1
322.900594,3651,1
354.872503,1250,1
393.71296,2579,1
328.124969,1458,1
331.398897,1205,1
357.816139,1733,1
365.099457,1270,1
346.162399,1190,1
365.212646,1321,1
353.3496,2124,1
360.735238,1190,1
363.128349,1642,1
345.032531,1252,1
393.399462,1457,1
363.564003,1388,1
352.468236,1501,1
381.785032,2187,1
354.556336,1268,1
362.193267,1281,1
360.194958,1278,1
356.814509,1419,1
354.233923,1134,1
353.028619,1609,1
346.977552,1333,1
327.822441,1643,1
372.148227,1567,1
349.856376,1238,1
358.276767,1861,1
367.541991,1307,1
350.600306,2118,1
365.007398,1432,1
406.126553,2943,1
356.692174,1692,1
351.75864,1349,1
360.492041,1242,1
359.869493,1994,1
355.01568,1584,1
353.228456,1475,1
350.29507,1351,1
375.572096,4437,1
358.843168,1423,1
385.210244,1872,0
343.971526,1271,1
362.170833,2760,1
374.401433,4306,1
349.522266,1154,1
360.919941,1386,1
352.833035,1257,1
365.672145,3259,1
351.498021,1758,1
354.488349,1379,1
341.19383,1243,1
356.08775,1464,1
348.880754,1307,1
352.513213,1363,1
339.505932,1363,1
329.665849,3614,1
338.126083,2190,1
332.83942,1594,1
319.304462,1717,1
356.97192,1309,1
368.948488,1280,1
381.025589,2020,1
344.187581,1121,1
350.072417,1403,1
341.592446,1090,1
357.53047,1258,1
293.73137,1153,1
353.757511,1814,1
353.757511,1814,1
366.06005,1746,1
352.403714,1883,1
349.394183,1323,1
360.560693,3779,1
362.654309,1650,1
355.92882,1381,1
354.441249,1365,1
347.6705,1369,1
361.251444,1475,1
355.675356,1173,1
299.891925,13480,0
352.691904,1236,1
286.598237,1649,1
366.190382,1349,1
346.30319,1283,1
350.861291,1341,1
358.456801,1298,1
355.47953,1193,1
342.617393,1152,1
355.380343,1771,1
401.929092,12945,0
551.987678,8851,1
350.127603,1638,1
396.224415,3495,1
351.968225,1236,1
333.913569,1715,1
403.326114,1556,1
975.394173,8059,0
348.569066,1223,1
366.925262,1507,1
380.138165,3010,1
359.476362,1373,1
406.536143,1608,0
376.38051,2392,1
351.241432,1378,1
366.259357,8796,1
342.79644,1328,1
373.805571,1576,1
354.990705,1524,1
343.946747,1081,1
354.574633,1683,1
367.934065,1338,1
351.912652,1452,1
759.791915,15747,0
363.174581,1413,1
366.51325,1404,1
381.510741,2017,1
325.65205,1599,1
330.442418,1237,1
366.929553,1615,1
372.121891,4400,1
324.915043,1488,1
357.837154,1736,1
393.599133,1789,1
353.757511,1814,1
358.557101,1250,1
360.119153,1521,1
356.428832,1475,1
378.659525,1506,1
339.877215,3149,1
358.260221,1133,1
345.698346,1189,1
352.433708,1239,1
353.670167,1066,1
356.764436,1494,1
354.727329,1094,1
353.602225,1281,1
366.593237,1973,1
355.487664,1305,1
363.53298,1648,1
360.33956,1192,1
354.001434,1356,1
357.039497,1049,1
337.049561,2535,1
378.447538,1941,1
372.945753,1402,1
356.118718,1137,1
353.397274,1158,1
360.578139,1117,1
414.718361,2314,0
317.604664,1019,1
952.308507,10207,0
322.813687,2530,1
342.167838,1646,1
349.05585,1498,1
311.684726,1968,1
334.045699,1294,1
312.421444,1432,1
363.561142,1355,1
357.238071,1158,1
331.662517,6430,1
353.426256,1439,1
349.009232,1352,1
339.645569,1261,1
386.274924,1510,1
361.931879,1283,1
353.748819,1616,1
366.894015,1479,1
357.945425,1288,1
356.447412,1754,1
351.322129,1526,1
360.626074,1201,1
359.222535,1368,1
359.224596,1605,1
340.147411,1099,1
344.748207,1309,1
359.484447,1266,1
422.855768,1853,0
360.11766,1364,1
369.261072,1528,1
358.96802,1493,1
368.810754,2312,1
402.353875,11192,0
355.720734,1701,1
351.359113,1471,1
357.663606,1296,1
392.28983,1854,1
958.235408,12608,0
368.820582,1454,1
326.117539,1668,1
328.492457,1231,1
308.946868,1257,1
332.682584,1242,1
363.970014,1263,1
360.30459,1366,1
341.139334,1594,1
277.238888,3183,1
344.844837,1310,1
372.840387,3932,1
357.522351,1249,1
349.46505,1754,1
380.599983,1537,1
383.2435,1566,1
379.15288,1304,1
364.238313,1555,1
361.303162,1640,1
366.52975,1567,1
347.853875,1725,1
341.232263,1118,1
341.599803,1223,1
330.76323,2062,1
376.80016,1376,1
346.421033,1059,1
658.219706,11329,0
349.748972,1204,1
362.621456,1087,1
389.333521,1956,0
373.045368,1821,1
337.554725,2056,1
354.943117,1383,1
342.789968,1176,1
361.260462,1226,1
369.859389,1397,1
353.595269,1286,1
354.80551,1238,1
357.695342,1959,1
366.885121,1483,1
359.728866,1109,1
377.484832,1769,1
355.767903,1080,1
351.5691,1469,1
368.934469,1364,1
347.545393,1132,1
369.936189,2540,1
354.491471,1597,1
360.327057,1261,1
361.763502,2213,1
373.723611,1244,1
367.521265,1812,1
373.338347,1413,1
352.409233,1263,1
363.025919,1406,1
956.239958,17354,0
333.115586,1348,1
330.191544,1351,1
335.664902,1145,1
319.62862,1381,1
355.300526,1824,1
319.082841,1404,1
328.781056,1606,1
339.199082,1642,1
343.317913,2921,1
341.023249,1392,1
316.089704,1176,1
362.00964,1268,1
348.017492,1258,1
365.176605,2102,1
355.347366,1387,1
357.15628,2289,1
340.241002,1149,1
340.474514,1039,1
365.679982,2709,1
368.15507,1400,1
354.537189,1826,1
373.61318,2947,1
352.884027,1327,1
378.76696,1378,1
498.694288,17026,0
741.908626,14026,0
360.820021,1625,1
395.084701,2035,1
391.021814,2057,1
350.880378,1302,1
376.965763,1316,1
380.684911,3117,1
333.327345,2559,1
378.948009,2365,1
371.615162,1298,1
352.674659,1534,1
390.624981,3726,1
353.045053,1306,1
368.129209,1306,1
364.237625,1330,1
383.823872,1849,1
366.602272,1294,1
357.215036,1402,1
361.233843,1276,1
350.832642,1453,1
330.093891,1517,1
344.925958,1285,1
336.321606,1615,1
360.544497,1843,1
325.928026,1457,1
334.730195,1498,1
322.264591,1206,1
338.194571,1752,1
322.806582,1607,1
331.529111,1422,1
328.198165,1577,1
406.675109,1934,0
365.220948,1606,1
346.925656,1390,1
356.811066,1691,1
361.113114,1405,1
358.207795,1748,1
362.062861,1442,1
353.482695,1299,1
353.482695,1299,1
353.482695,1299,1
360.820154,1382,1
366.132138,1770,1
378.189314,1529,1
356.190492,1496,1
358.951398,1294,1
353.166172,1212,1
290.511049,2885,1
369.738747,1532,1
416.086648,5175,1
341.652524,1063,1
338.515157,1176,1
368.210531,1110,1
351.924,1647,1
362.219164,1311,1
354.160807,1148,1
363.36916,1631,1
365.106708,1363,1
349.259249,1379,1
402.33542,1954,1
375.832042,5037,1
364.296181,2859,1
357.475208,1474,1
370.05844,2245,1
350.145146,1467,1
342.459065,1154,1
350.416267,1121,1
341.559331,1180,1
290.629272,11121,0
376.194883,1722,1
350.946342,1616,1
365.972871,1465,1
366.608444,1987,1
362.717955,1815,1
375.613187,5195,1
355.903135,1176,1
349.464539,1161,1
385.784453,1627,1
837.09105,6535,0
315.19476,2437,1
365.928646,1554,1
355.181467,1302,1
379.468777,1696,1
359.145648,1344,1
356.743042,1337,1
350.672069,1267,1
365.807313,3562,1
356.179875,1518,1
333.964383,1081,1
541.865438,6860,0
357.132041,1166,1
273.253239,8376,0
670.748943,10182,0
350.313386,1317,1
368.856897,1211,1
368.456874,1351,1
389.903804,8982,0
351.216775,1429,1
368.29811,1243,1
369.578384,1290,1
354.021534,1531,1
431.293739,9143,0
357.743896,5205,1
365.721153,2428,1
369.063946,3094,1
369.701587,1717,1
341.286815,2611,1
364.005958,6681,1
345.125775,1253,1
373.291419,4050,1
361.59124,1321,1
240.960193,3577,1
358.085512,2175,1
384.056224,1431,1
348.475758,3503,1
943.164895,11234,0
375.423798,3602,1
352.211834,1222,1
587.954814,5431,0
349.237281,1161,1
332.74211,1766,1
353.297914,1612,1
375.478494,2081,1
357.886784,3225,1
318.458332,1240,1
335.000558,1057,1
339.003306,1098,1
362.977767,2078,1
356.041463,2679,1
358.457681,1906,1
353.056556,3395,1
353.697264,4790,1
381.857524,1596,1
373.002277,1360,1
352.966096,1286,1
341.061205,1068,1
368.604407,10965,1
355.209337,3591,1
318.69247,1186,1
359.895042,1484,1
362.333063,2323,1
355.908236,1226,1
351.335256,2918,1
354.814989,5987,1
856.675035,13567,0
346.753233,5793,1
352.477211,5723,1
985.045158,12250,0
359.162958,5284,1
353.11396,5585,1
966.85344,11262,0
345.068028,6411,1
984.070427,12836,0
370.119098,5680,1
946.787194,11875,0
869.290349,12670,0
954.869362,13904,0
408.004231,6404,1
870.931112,11914,0
933.570836,13313,0
327.967498,1251,1
943.710594,12589,0
350.536704,3797,1
411.627767,9385,1
340.014863,3071,1
347.2928,3286,1
347.510114,3036,1
347.726923,1539,1
369.737473,2994,1
347.883661,1576,1
356.354843,1446,1
515.081211,8863,0
342.984085,1214,1
352.246812,1200,1
361.021034,1280,1
358.716619,1423,1
378.659525,9271,1
349.0208,5600,1
939.186504,11392,0
368.011619,1960,1
380.810649,7630,0
449.381165,9931,1
340.643137,5519,1
365.030202,5736,1
715.228128,11361,0
360.820021,8796,1
552.14128,17398,1
929.489674,9455,0
375.202522,3879,1
347.687771,6680,1
654.956283,14205,0
370.878807,6364,1
339.68766,5361,1
312.421444,3698,1
366.536623,1643,1
373.326524,1694,1
361.862402,1535,1
667.92776,10182,0
487.922774,14722,0
356.324815,8084,1
910.819454,12331,0
370.483593,12114,1
372.831847,16744,1
353.956315,3193,1
692.583521,12348,0
337.836747,5149,1
360.304647,1617,1
336.283809,2469,1
382.059848,3936,1
375.477576,1899,1
368.426375,1961,1
354.280322,1542,1
384.652403,1972,1
538.671666,7099,1
363.959688,2530,1
339.203244,2215,1
372.309847,1645,1
356.205045,1286,1
538.816156,6860,0
385.984484,8982,0
426.262139,9143,0
938.078118,11234,0
357.886784,2266,1
396.480402,1800,1
362.117669,1295,1
353.889532,1198,1
357.946599,1435,1
367.547499,1843,1
360.658927,1186,1
360.396012,1637,1
344.240769,1141,1
347.061148,1574,1
334.196324,2124,1
388.430701,2420,1
362.492581,1751,1
361.439926,1436,1
354.157181,1286,1
356.190492,1496,1
336.912723,1435,1
348.656638,1552,1
344.879774,1242,1
364.746379,1677,1
358.15902,1294,1
338.630814,1146,1
365.051115,2190,1
330.361903,1288,1
327.178987,1230,1
356.179875,1518,1
971.63328,12250,0
741.195368,14026,0
362.317351,1082,1
371.552923,1717,1
284.273232,3503,1
1777.297795,15041,0
336.250609,1316,1
354.51465,1347,1
364.780877,1414,1
373.084534,1687,1
365.997173,1268,1
354.47339,1376,1
366.677367,1406,1
726.233446,13262,0
354.12544,1404,1
377.685363,1529,1
352.666545,1294,1
362.977767,2078,1
380.466378,1748,1
364.393499,1635,1
357.355949,2043,1
336.51627,1115,1
351.777563,1072,1
372.580847,2435,1
353.697264,1268,1
357.167621,2729,1
342.614109,1214,1
352.246812,1200,1
363.695051,5470,1
364.984791,1453,1
361.267261,1280,1
362.13414,1378,1
362.333063,2323,1
363.689311,2525,1
355.908236,1226,1
351.335256,1277,1
328.485665,1769,1
360.832896,1251,1
353.416043,5987,1
346.753233,5793,1
352.433708,5585,1
580.589201,5431,0
348.692512,1320,1
411.627767,9385,1
340.014863,3071,1
354.67647,1774,1
359.85534,1617,1
341.925872,1169,1
347.2928,1217,1
336.283809,2469,1
348.86364,1163,1
346.211161,1123,1
351.640975,1172,1
344.666383,1384,1
347.061148,1574,1
353.761598,1708,1
347.726923,1539,1
359.491117,1331,1
369.029791,2319,1
358.961636,1266,1
375.477576,1899,1
346.211387,1249,1
320.036213,1507,1
346.581073,1272,1
359.331311,1582,1
357.048844,1278,1
361.79348,1320,1
347.883661,1576,1
356.075536,1310,1
363.840062,1641,1
356.041463,1643,1
350.954061,1163,1
349.735773,1446,1
355.663995,1468,1
355.637139,1294,1
356.683657,1255,1
348.343471,1690,1
363.059561,1764,1
351.361838,1538,1
341.149763,1708,1
345.667241,1393,1
363.499759,1856,1
320.134995,1172,1
535.860482,7099,1
939.186504,11392,0
353.069265,5723,1
379.612515,4038,1
479.090964,14722,0
426.262139,9143,0
946.787194,11875,0
372.831847,16744,1
347.305358,1587,1
867.183807,12670,0
347.690546,1523,1
346.183568,1179,1
359.253812,1614,1
335.384694,2690,1
369.140103,1696,1
366.307796,1676,1
364.301924,1726,1
358.080566,4704,1
356.47941,1337,1
366.377326,1368,1
354.442592,1552,1
352.180675,1164,1
354.280322,1542,1
356.781407,1293,1
367.583918,1774,1
389.936928,2401,1
388.083156,2511,1
355.842997,1347,1
711.641666,11361,0
360.820021,8796,1
925.467081,9455,0
984.070427,12836,0
363.528477,1473,1
368.604407,10965,1
932.822003,13313,0
327.967498,1251,1
344.972679,4120,1
355.872889,2032,1
360.109159,1503,1
369.188206,1785,1
344.686834,1387,1
364.744196,3258,1
316.375964,2351,1
421.233529,2443,0
356.988156,1536,1
359.596921,1393,1
354.429743,1462,1
353.827738,1357,1
364.442633,1559,1
367.374807,1941,1
340.264159,1404,1
359.11572,3205,1
357.417088,1406,1
346.081625,1093,1
349.0208,5600,1
377.908997,7630,0
447.265747,9931,1
365.030202,5736,1
371.199258,3879,1
959.569949,11262,0
356.324815,8084,1
961.576655,12727,0
370.119098,5680,1
354.872423,1506,1
949.603283,13904,0
961.257751,12696,0
322.729062,1678,1
356.341365,1550,1
378.748029,1403,1
368.883801,4303,1
514.711234,6847,0
375.513948,1680,1
371.997961,3551,1
401.928874,5252,1
853.97607,13567,0
358.456801,5284,1
340.643137,5519,1
352.991882,1112,1
550.7133,17398,1
354.303197,1269,1
346.977552,6680,1
654.248432,14205,0
345.068028,6411,1
914.941998,12092,0
357.459304,1540,1
328.940043,1368,1
352.051437,1251,1
932.569783,12560,0
402.116222,2824,1
355.890479,1458,1
359.940695,1640,1
691.872964,12348,0
870.931112,11914,0
354.602387,1396,1
942.999023,12589,0
340.981839,1135,1
339.68766,1679,1
367.339726,1570,1
408.730725,14826,0
382.247394,1906,1
350.005565,1260,1
345.226171,1161,1
351.242564,1305,1
336.448849,1394,1
355.560402,1416,1
367.80797,1743,1
366.536623,1643,1
347.740433,1294,1
349.604706,1356,1
375.730392,2454,1
364.587073,1532,1
360.053427,1361,1
346.131441,1212,1
353.797925,1329,1
352.360974,1615,1
351.655977,1681,1
366.522552,2572,1
398.079683,2495,1
361.109177,1831,1
356.762192,2641,1
352.934064,1300,1
378.659525,9271,1
367.305637,1960,1
375.539159,6327,1
355.834667,8514,1
356.447412,5419,1
397.890085,14560,1
358.530332,1681,1
906.156304,12331,0
370.483593,12114,1
353.956315,3193,1
371.402698,10217,1
375.480865,6726,1
901.852141,10661,0
337.836747,2559,1
312.421444,3698,1
330.501591,8702,1
263.927814,5904,1
358.564758,1914,1
352.273824,2116,1
348.224335,1170,1
361.374016,1974,1
384.372117,1391,1
392.931727,1444,1
389.561369,1302,1
395.659709,1761,1
390.108627,1867,1
393.96259,1778,1
389.306857,1590,1
536.959496,3105,0
402.095516,2030,1
393.033066,1421,1
492.043705,3171,0
491.182684,3968,0
411.404494,1951,0
404.865206,1384,1
506.728458,6547,0
473.586155,7370,0
397.656666,1404,1
367.796715,1500,1
344.408392,2556,1
396.882685,1734,1
379.576038,1941,1
393.472417,2592,1
485.833432,7588,0
398.182865,1653,1
396.658673,1844,1
512.661422,8495,0
554.363272,7070,0
373.369122,2070,1
381.074237,1886,1
410.339723,1973,1
385.517253,1987,0
402.284513,2120,1
430.553453,4840,0
212.276889,5879,1
911.562131,7135,0
472.087646,7117,0
469.237174,7237,0
394.914772,1241,1
399.009457,2389,1
477.639521,5916,0
411.185361,2034,1
438.356819,7102,0
398.912496,1601,1
552.153773,3131,0
414.405634,2533,0
391.31951,1525,1
394.811713,2866,1
460.788894,3587,0
497.997453,2983,0
633.488654,13425,0
387.782414,1431,1
402.186187,2066,1
454.85808,2840,0
568.158021,6974,0
551.134029,2543,0
401.050887,2064,1
396.624375,3665,1
434.028432,7594,0
398.879548,2797,1
397.25289,1848,1
402.309858,2440,0
502.300563,6867,0
380.86416,2107,1
382.097314,3297,1
355.751532,1622,1
377.416794,1961,1
526.924453,9593,0
1243.684382,6003,0
462.813214,2590,0
513.165563,2811,0
385.556903,1265,1
894.623958,9674,0
443.868377,4921,0
398.425787,2376,1
395.18566,1967,1
391.301222,2147,1
402.001693,2513,1
470.277102,6056,0
521.100531,8028,0
477.777569,2796,0
465.728351,8308,0
393.492824,1771,1
380.001601,1945,1
406.16282,2276,1
570.271327,9135,0
363.855366,2144,1
500.565242,8339,0
459.412153,9146,0
359.823206,2024,1
431.541959,3988,0
376.436331,1741,0
368.018285,1759,1
370.10468,1949,1
400.194981,1796,0
386.896808,1785,1
392.779789,2261,1
729.874072,8670,0
404.462353,1721,0
393.201444,1379,0
401.438995,1614,0
400.995528,1614,0
409.487691,1712,0
409.487691,1712,0
387.335673,1290,1
397.846198,1311,1
438.176218,7031,0
402.897863,1211,1
418.271951,2060,1
395.440233,2049,1
552.472399,9542,0
397.451436,1801,1
394.213591,1232,1
385.940549,1684,1
374.584914,1247,1
480.294663,8609,0
359.768207,1835,1
388.708854,1425,1
399.210345,1356,1
406.404209,1994,0
373.609429,1972,1
398.98928,2010,1
383.864587,1462,1
390.125965,2097,1
387.748384,1251,1
454.365552,5475,0
498.704326,8334,0
482.697229,14071,0
398.167512,1853,1
394.374718,2446,1
412.19148,1442,1
871.565966,9804,0
384.188044,2190,1
392.720852,2307,1
476.469409,7891,0
393.178461,2334,1
379.149255,2609,1
372.785185,2224,1
505.654284,4908,0
402.774081,2041,1
445.106819,12142,0
534.544731,2631,0
395.752789,1339,1
389.82159,1705,1
477.260507,2399,0
496.118924,2593,0
392.484138,1409,1
509.584897,2502,0
394.934903,1990,1
383.116316,2172,1
388.011612,1279,1
378.974388,2217,1
569.848459,3063,0
1414.54997,1353,0
475.473584,2856,0
393.651377,1407,1
506.799153,2728,0
372.903857,1427,1
580.349921,6904,0
407.990145,2510,1
410.1457,2209,0
466.840028,8005,0
372.7619,2252,1
482.299612,2390,0
394.144149,2133,1
386.578392,2365,1
517.807129,3725,0
394.826427,1623,1
395.551248,1388,1
401.754421,1587,1
401.754421,1587,1
438.030806,12562,0
480.409553,6963,0
392.775877,1615,1
396.652071,1404,1
368.75759,2320,1
393.121992,1918,1
394.02082,1482,1
416.027867,2401,0
390.901961,1500,1
384.359377,2073,1
399.182425,1629,1
385.978229,2868,1
428.787564,6087,0
383.29136,1763,1
411.0254,2555,1
398.270962,1692,1
482.847526,12073,0
390.644813,1525,1
388.234318,2040,1
389.203934,1404,1
403.114152,1613,1
413.84428,2033,1
399.274188,2361,1
397.743084,1864,1
386.65263,2116,1
488.97997,4941,1
418.666097,1703,0
379.680419,1328,1
451.251306,7570,0
472.570835,10547,0
366.639466,1524,1
383.274341,2593,1
367.462932,1567,1
362.494069,1302,1
423.419567,5528,0
406.170233,2046,1
389.573806,1989,1
379.411958,2293,1
394.734119,1494,1
387.665747,1536,1
385.278925,1357,1
383.762432,2026,1
367.351826,2237,1
369.599426,2329,1
414.517218,1927,0
501.886769,7971,0
382.685769,2433,1
210.610794,3095,1
383.364266,2176,1
391.981502,1580,1
414.062435,1655,1
394.105272,1567,1
412.529381,1933,1
397.530631,2422,1
394.733866,3231,1
390.390901,1979,1
515.679915,6464,0
382.870358,1559,1
411.872232,2629,0
687.672177,9676,0
386.374606,1393,1
445.423239,2848,0
383.480423,1504,1
379.845346,2502,1
392.203158,2143,1
452.951065,12358,0
370.714008,1462,0
375.792537,1817,1
396.048791,1377,1
501.838207,7045,0
379.595677,1925,1
390.192345,1382,1
401.402151,1521,1
494.458488,5357,0
405.334211,2285,1
393.156435,2051,1
400.83474,1476,0
388.619371,1319,1
412.471045,2408,1
392.182548,1896,1
405.872651,2209,1
407.56859,2149,1
403.106746,1388,1
379.155614,1605,0
395.638494,2236,1
394.542057,1907,1
392.092962,1592,0
375.675867,1799,1
371.327501,1426,1
391.865222,2029,1
408.517751,1591,1
404.844305,2606,0
387.166389,1330,1
445.67129,6464,0
387.409327,1691,1
386.493195,1636,1
384.310439,1400,1
497.505587,2601,0
387.803549,1650,1
396.786171,1649,1
387.476827,1468,1
416.812098,1502,1
432.254447,9245,0
388.905226,1518,1
381.902019,1179,1
389.683115,2205,1
379.52927,2046,1
444.549044,10671,0
383.328137,1168,1
396.556954,1455,1
388.591454,1192,1
412.886282,1854,1
381.496444,1933,1
396.776825,2371,1
389.892975,1908,1
381.594012,1517,0
391.92229,1192,1
373.163066,2111,1
383.990966,2450,1
389.542881,1178,1
396.253928,1522,1
427.620185,2554,0
404.358387,1773,0
383.572084,2331,1
403.516446,1417,0
510.315603,17028,0
368.80525,1973,1
384.947378,2231,1
447.411672,4556,0
360.60874,2530,1
478.579369,10263,0
410.174573,2264,0
400.370969,2134,1
394.867094,1932,1
380.556575,1144,1
1330.250755,11331,0
397.647378,1838,1
394.759578,1616,1
393.204533,1857,1
394.860651,1599,0
386.493994,1569,1
472.344826,8257,0
378.689339,1867,1
549.814444,5568,0
690.537184,6970,0
364.531299,1903,1
466.315824,8634,0
465.414853,4530,0
411.864299,2096,0
532.769633,4625,0
408.384172,1968,0
517.416489,2794,0
412.750735,2394,0
529.548259,3296,0
399.285711,1764,0
532.83059,3531,0
411.273773,2046,0
387.385111,1448,1
405.869934,2584,1
1388.548868,15898,0
373.545268,2531,1
389.304857,1888,1
392.97736,1345,1
628.969926,6630,0
394.497444,2424,1
386.125165,1953,1
384.206625,1507,1
380.87078,1307,1
388.066932,1300,1
395.194369,1742,1
395.918761,1439,1
397.721709,1878,1
385.096323,1869,1
377.838392,1267,1
380.977941,1405,1
384.931165,1881,1
389.387076,1280,1
387.335343,1335,1
396.664626,1454,1
393.153054,1568,1
378.73169,1243,1
385.742491,1411,1
371.626672,3635,1
391.739948,1668,1
390.546757,1519,1
390.023649,1518,1
394.815357,1834,1
393.317097,1669,1
396.553746,2021,1
391.028587,2012,1
1016.276732,10500,0
393.352347,2003,1
390.74396,1978,1
384.046057,1409,1
388.646431,1854,1
381.11084,2244,1
387.301429,1905,1
390.962345,2054,1
393.734383,1766,1
387.449975,1612,1
383.480874,1590,1
387.592288,1616,1
386.263305,1456,1
386.431949,1484,1
388.926528,1302,1
376.615437,1333,1
515.258768,4559,0
199.101439,2594,1
388.905226,1518,1
395.407514,1343,1
404.023115,1902,0
400.041079,1382,0
395.144572,1362,1
387.627993,2402,1
437.317633,7710,0
396.160688,2247,1
395.74738,1820,1
399.067807,2232,1
392.6773,2048,1
397.806371,1560,1
371.21979,2155,1
1372.530814,13045,0
395.197249,1437,1
381.46723,2231,1
370.628652,1405,1
399.278522,1564,1
410.174573,2264,0
358.624155,1296,1
529.23329,5204,0
384.630473,1330,1
389.583541,1866,1
397.120841,1433,1
373.420341,1992,1
1329.307466,11331,0
401.282147,2200,1
437.317633,7710,0
387.801411,1837,1
389.304857,1888,1
434.006909,3185,0
394.497444,2424,1
381.828944,1909,1
384.739942,1953,1
459.344077,2840,0
386.585471,2151,1
450.005766,2723,0
393.881022,1925,1
385.692626,1599,1
383.198429,1880,1
513.583483,3485,0
396.941039,2079,1
386.690872,1448,1
401.45276,2403,1
388.066932,1300,1
405.869934,2584,1
199.101439,2594,1
400.041079,1382,0
377.40697,1796,1
390.141241,2291,1
386.914737,2152,1
392.97736,1345,1
398.04864,2432,1
390.023649,1518,1
393.317097,1669,1
436.7326,3392,0
410.496008,2162,1
380.412674,2244,1
401.1833,2172,1
377.875818,1587,1
427.550354,10681,0
515.258768,4559,0
388.868798,2352,1
406.167023,1835,1
365.116914,1936,1
398.267753,2190,1
392.052295,2044,1
385.291527,2402,1
373.545268,2531,1
622.305348,6630,0
1145.791334,7427,0
395.74738,1820,1
399.067807,2232,1
395.699398,1448,1
388.09895,2241,1
391.288311,2048,1
386.136277,1815,1
396.420289,1560,1
504.263029,3131,0
397.246665,1563,1
391.170863,2047,1
371.21979,2155,1
380.318781,2694,1
378.068339,1881,1
467.369383,3397,0
394.065339,1616,1
385.083814,1451,1
391.12218,1838,1
393.032683,1565,0
388.415909,1980,1
1380.49762,15898,0
401.941993,1902,0
549.900894,5546,0
395.033792,1439,1
508.267862,8098,0
690.537184,6946,0
461.824126,8608,0
401.486916,1519,0
381.698657,2095,1
402.365014,2241,1
412.439539,1963,0
410.244595,2888,1
411.864299,2071,0
398.115696,2523,0
545.033335,2838,0
399.728135,1507,0
566.188101,2732,0
532.328858,3465,0
527.040737,2959,0
407.251425,1968,0
513.629088,2794,0
583.245827,3304,0
412.750735,2394,0
525.781318,3268,0
397.639094,1764,0
530.135225,2710,0
411.273773,2024,0
402.694986,2158,1
386.825137,2605,1
393.74604,1492,1
389.291793,2125,1
392.899612,4191,1
386.447196,1790,1
387.218099,1985,1
540.61952,2921,0
456.601469,3123,0
388.367729,2243,1
399.938767,2371,1
381.022716,2271,1
423.754408,2283,1
184.613097,12178,1
408.129871,3112,0
393.936637,2996,0
402.686736,1994,0
408.294768,2159,0
374.087143,1801,1
388.725043,1365,1
377.778212,2219,1
371.976907,2216,1
404.521607,1618,1
482.852719,5353,0
392.072737,2480,1
394.260045,2157,1
371.626672,2527,1
409.96462,2140,1
375.620741,2995,1
384.91203,1777,1
398.636947,1894,1
131.81299,511,1
135.413293,518,1
137.1054,671,1
130.497703,614,1
128.850066,425,1
130.437446,426,1
130.882997,456,1
128.020212,581,1
131.133115,585,1
118.604912,1557,1
132.886897,547,1
106.878083,536,1
130.166151,466,1
127.973109,450,1
128.62066,440,1
130.774007,454,1
128.951077,457,1
129.240814,516,1
130.030624,528,1
130.875933,510,1
132.312293,510,1
129.284244,489,1
130.719748,442,1
113.292455,1432,1
128.138694,423,1
129.685761,434,1
129.829422,470,1
169.01969,241,0
102.166286,1962,1
130.302314,486,1
121.947339,424,1
128.187545,492,1
133.167791,473,1
129.982386,553,1
131.617333,505,1
143.267757,743,1
130.811999,524,1
132.301361,525,1
134.184165,501,1
129.439591,651,1
133.63536,486,1
130.861934,460,1
123.110256,1857,1
127.608049,457,1
129.383189,408,1
131.898169,591,1
132.273237,503,1
131.46179,463,1
132.502008,497,1
114.289488,505,1
132.272676,531,1
137.795284,644,1
131.323521,452,1
130.048138,442,1
116.496139,861,1
129.655673,440,1
131.368259,447,1
129.313811,454,1
128.813283,573,1
131.696383,523,1
131.144505,510,1
133.39862,523,1
131.08314,549,1
122.166325,553,1
130.529208,545,1
129.556745,539,1
134.40738,610,1
130.361473,540,1
131.199626,556,1
129.432748,532,1
130.558088,522,1
134.997039,647,1
124.941242,470,1
131.615212,571,1
131.331041,518,1
131.128673,524,1
136.542412,551,1
134.54432,563,1
133.258463,638,1
135.617226,547,1
132.257817,514,1
130.124029,523,1
130.551699,543,1
132.570065,538,1
131.015912,648,1
130.919102,547,1
134.267064,523,1
134.94425,466,1
136.01036,645,1
130.130632,432,1
113.138621,861,1
130.539551,513,1
123.159559,492,1
128.776912,488,1
132.880683,414,1
132.637107,513,1
132.072326,633,1
133.71072,462,1
132.499977,463,1
128.921913,437,1
124.737753,430,1
128.922247,432,1
127.188167,566,1
124.933543,491,1
125.298019,507,1
125.579293,504,1
129.708546,517,1
128.626994,499,1
128.960321,511,1
131.19817,488,1
134.556066,515,1
131.317515,625,1
123.975752,456,1
125.076456,423,1
125.244602,490,1
125.274613,536,1
124.974707,549,1
126.468434,517,1
123.463242,503,1
120.910824,480,1
127.121377,604,1
125.763278,454,1
122.085668,608,1
129.530309,449,1
130.738717,458,1
130.894754,417,1
130.659766,420,1
123.95224,485,1
129.821386,420,1
106.63282,445,1
129.678249,435,1
132.782434,531,1
130.703353,494,1
132.519992,760,1
128.039591,545,1
127.963313,539,1
125.639181,477,1
132.8705,531,1
133.215153,617,1
130.903652,451,1
130.765764,422,1
131.069899,443,1
131.50787,436,1
131.881955,471,1
132.340628,601,1
136.073224,578,1
133.528429,551,1
131.155534,531,1
135.530257,530,1
138.515828,605,1
133.333754,533,1
130.753628,537,1
132.131552,529,1
128.106847,523,1
140.705073,636,1
129.34581,535,1
131.334137,515,1
129.736493,527,1
132.734688,529,1
136.209118,633,1
131.179001,460,1
128.692925,446,1
129.591699,450,1
130.047665,452,1
126.804822,444,1
127.853798,577,1
133.178482,551,1
130.091904,532,1
133.902948,530,1
134.239229,528,1
131.894356,517,1
131.717774,600,1
133.457094,561,1
135.624377,510,1
135.029121,533,1
129.543289,540,1
143.899199,649,1
130.247649,499,1
128.018879,508,1
522.605402,5228,0
127.104478,628,1
129.799103,555,1
101.748531,782,1
130.605409,535,1
128.86541,459,1
129.931036,552,1
348.977404,11834,0
131.557297,519,1
133.925571,520,1
129.109656,504,1
129.338053,535,1
129.118895,540,1
131.394172,559,1
130.585031,540,1
129.24746,574,1
129.291785,483,1
129.612616,522,1
129.689518,497,1
129.145236,554,1
121.880705,453,1
55.156711,692,1
126.805528,516,1
122.126676,466,1
115.613465,468,1
130.440416,588,1
126.7947,484,1
120.177113,475,1
127.875308,532,1
130.824269,521,1
122.715812,467,1
128.960738,516,1
129.157784,593,1
127.623622,524,1
133.992412,461,1
137.929482,575,1
34.537592,712,1
133.498331,529,1
122.297927,445,1
134.405263,1132,1
130.20785,527,1
130.961964,533,1
130.748808,518,1
131.886358,538,1
142.00731,663,1
137.722432,535,1
40.055554,756,1
131.834289,512,1
131.311284,501,1
130.555214,502,1
126.17825,603,1
130.722821,544,1
129.358372,487,1
132.875211,494,1
129.111341,456,1
129.196217,434,1
129.542597,471,1
128.992432,427,1
129.918295,446,1
131.378569,441,1
126.563361,918,1
132.289119,616,1
131.061938,560,1
130.17984,526,1
132.906034,557,1
130.069351,469,1
132.930384,555,1
135.228379,598,1
130.421451,496,1
132.414659,510,1
133.984959,568,1
133.264425,501,1
130.504811,697,1
132.307538,591,1
130.799877,476,1
131.156869,540,1
135.436451,441,1
134.896821,447,1
134.10781,471,1
130.573273,447,1
106.794672,339,1
131.259873,593,1
131.566206,569,1
128.897322,471,1
129.464124,817,1
128.955161,543,1
128.942757,549,1
130.282565,567,1
127.201252,519,1
136.583715,500,1
130.037351,531,1
128.833039,699,1
126.769315,1071,1
128.259147,455,1
127.360584,446,1
124.232736,518,1
130.452513,413,1
124.323184,430,1
123.49995,506,1
128.349498,419,1
82.981959,740,1
126.327641,503,1
47.690876,4756,1
131.429853,432,1
128.665242,505,1
133.139232,452,1
129.108842,597,1
128.999991,600,1
135.690793,572,1
131.39601,566,1
128.44674,564,1
126.241882,500,1
128.17931,540,1
126.91004,510,1
108.411255,411,1
108.246144,402,1
129.618488,438,1
128.70641,438,1
102.084035,734,1
129.635758,477,1
123.318958,571,1
131.127108,568,1
126.473248,480,1
127.970543,635,1
124.611661,494,1
127.322175,625,1
121.215681,484,1
119.336635,404,1
126.795479,462,1
125.765481,432,1
124.285582,445,1
128.76947,587,1
126.53032,476,1
126.996122,514,1
102.821837,426,1
148.058378,159,0
120.764522,459,1
133.656822,498,1
127.304492,475,1
130.276121,450,1
129.94674,486,1
128.707344,501,1
135.776999,507,1
126.273166,508,1
117.713818,432,1
131.181676,638,1
130.746626,477,1
121.338394,379,1
127.022303,444,1
135.800116,597,1
128.539008,557,1
128.300564,527,1
27.10027,763,1
130.974425,514,1
134.825102,559,1
129.572978,587,1
131.277843,569,1
132.803059,513,1
126.020421,509,1
133.506424,542,1
136.757537,652,1
133.51718,529,1
133.600646,522,1
132.821942,554,1
134.619052,507,1
135.632709,629,1
135.717667,468,1
131.973889,465,1
129.414666,475,1
128.559644,436,1
127.908316,483,1
132.582294,593,1
129.033668,514,1
130.699338,571,1
105.113518,439,1
130.167886,527,1
146.490034,674,1
128.972792,539,1
128.403793,542,1
118.639978,463,1
130.710186,546,1
135.161897,646,1
130.303495,554,1
133.002226,543,1
134.064893,542,1
132.685761,533,1
129.153847,633,1
137.672201,543,1
135.053441,529,1
132.807991,495,1
136.484269,506,1
134.637009,563,1
134.429595,523,1
134.92828,563,1
136.464672,619,1
129.95984,526,1
131.261896,526,1
136.011141,553,1
136.16454,557,1
137.156178,553,1
133.412436,530,1
128.945754,471,1
130.685319,618,1
126.42838,447,1
129.943078,456,1
128.04289,578,1
127.964181,1295,1
128.160853,439,1
125.816551,439,1
128.967111,450,1
135.657534,429,1
130.352516,434,1
120.206807,454,1
134.504815,437,1
133.98129,477,1
134.619648,530,1
125.848255,481,1
129.386217,458,1
135.788667,563,1
124.135924,470,1
133.257329,480,1
57.821474,3030,1
130.185629,884,1
146.376925,952,1
133.188323,899,1
137.616501,619,1
128.822388,765,1
129.052165,928,1
115.162759,9316,1
151.456297,1458,1
110.082611,3750,1
127.039099,816,1
128.064058,873,1
137.116286,505,1
133.218644,2488,1
125.997737,822,1
124.521977,511,1
142.888122,717,1
124.671302,511,1
143.182825,774,1
124.851399,1792,1
132.821747,1734,1
129.742279,497,1
699.390533,14726,0
127.648264,878,1
626.21091,13196,0
130.074525,861,1
125.588818,525,1
124.729068,493,1
110.780936,432,1
127.877045,543,1
173.451801,5145,1
122.415294,697,1
125.001239,451,1
120.329732,2577,1
103.31599,588,1
139.261267,82,1
126.854752,531,1
139.684421,1282,1
179.682407,883,1
121.656911,764,1
126.393196,499,1
127.782184,990,1
120.811495,1216,1
162.619411,1396,1
113.9805,613,1
119.34457,622,1
127.67213,1768,1
132.327089,562,1
130.49028,660,1
123.525813,870,1
115.782445,477,1
120.911907,2151,1
106.054804,430,1
100.303071,1402,1
135.308594,864,1
135.181145,484,1
134.379117,615,1
121.771961,558,1
64.644843,1824,1
128.411359,504,1
161.166807,752,1
122.195464,576,1
156.856495,677,1
139.222865,527,1
119.342645,430,1
143.230128,906,1
153.67304,651,1
452.029261,6257,0
157.784068,679,1
160.225376,691,1
120.113392,496,1
162.069469,690,1
120.470761,531,1
158.909509,631,1
178.128443,14555,1
121.718305,558,1
119.19237,531,1
160.046864,712,1
136.824771,1432,1
99.501298,218,1
162.683555,635,1
157.402833,674,1
156.650044,659,1
136.581099,604,1
109.200328,829,1
124.059005,593,1
157.299289,238,1
128.894297,746,1
160.462642,658,1
154.35438,668,1
136.212403,621,1
160.633453,870,1
153.655196,642,1
117.57409,532,1
107.030498,484,1
133.04839,573,1
159.939145,650,1
146.669116,1006,1
136.991892,722,1
124.659784,442,1
123.845842,466,1
123.473733,429,1
139.823191,701,1
139.547699,918,1
126.545457,610,1
131.999962,1120,1
144.282367,887,1
126.841411,492,1
136.700397,845,1
126.939863,840,1
109.559566,705,1
122.621643,489,1
129.357997,1171,1
127.085538,469,1
140.310153,822,1
127.273881,619,1
124.451475,642,1
164.316124,1529,1
121.289685,454,1
122.026403,882,1
130.375615,994,1
129.169094,518,1
132.419768,544,1
120.822,1456,1
131.942434,714,1
160.726992,1043,1
146.622318,898,1
129.511613,780,1
126.684268,670,1
182.138633,1277,1
136.309399,549,1
156.97709,706,1
145.228056,862,1
127.564616,593,1
137.043637,753,1
154.790911,943,1
122.155635,481,1
123.93763,558,1
149.480552,1022,1
128.097857,535,1
125.064534,509,1
20.526443,1773,1
123.851695,1123,1
126.618863,550,1
130.859444,941,1
120.154759,776,1
111.566196,810,1
121.566432,497,1
122.446634,548,1
128.982544,559,1
146.364622,915,1
130.13007,544,1
62.221889,478,1
121.02538,551,1
125.830659,537,1
125.605607,509,1
124.3781,487,1
123.787846,530,1
124.801797,567,1
136.141543,774,1
125.926851,543,1
143.603556,1133,1
124.335884,513,1
122.189038,510,1
125.06175,499,1
127.347002,485,1
127.580015,506,1
124.847784,557,1
126.977421,500,1
120.634092,511,1
124.540319,514,1
127.420589,578,1
126.165603,535,1
138.969945,587,1
122.078087,511,1
128.113713,688,1
122.292858,512,1
128.53694,561,1
125.780909,537,1
121.0079,755,1
183.693648,1793,1
122.966122,13,1
135.443327,1495,1
165.888515,1031,0
148.794645,928,1
141.635545,559,1
126.171538,608,1
126.818264,496,1
125.750733,1439,1
210.945063,4667,0
116.192138,516,1
108.982916,478,1
122.247323,561,1
134.52777,679,1
123.006399,533,1
135.431175,560,0
115.177832,531,1
134.425823,747,1
145.043944,1032,1
121.688873,498,1
142.041732,802,1
124.579431,568,1
126.653018,546,1
157.08846,906,1
125.002309,562,1
124.906529,547,1
126.87264,517,1
122.749837,603,1
896.777867,10019,0
121.724388,455,1
127.92451,568,1
141.58427,897,1
121.621919,458,1
120.656438,457,1
120.873098,490,1
120.234769,499,1
124.022507,537,1
125.50544,500,1
125.047774,488,1
125.537728,476,1
130.045145,544,1
130.011706,518,1
123.428991,499,1
127.523112,510,1
127.464846,487,1
116.889576,495,1
124.176419,512,1
110.719776,978,1
124.317869,868,1
125.838081,546,1
141.395516,821,1
125.379597,626,1
124.873943,558,1
120.500699,524,1
122.903921,564,1
124.892173,528,1
124.535036,566,1
129.909965,547,1
121.348953,503,1
126.490608,509,1
106.296704,445,1
121.953524,549,1
122.749109,546,1
124.157814,555,1
124.759975,543,1
124.014932,515,1
122.926351,539,1
125.575884,552,1
126.538333,524,1
128.91008,539,1
123.100687,494,1
121.419637,549,1
124.756581,509,1
123.184459,546,1
124.415716,552,1
124.605097,473,1
128.448531,539,1
122.270623,540,1
127.409424,543,1
126.046668,523,1
123.145968,545,1
126.95355,587,1
121.630234,562,1
127.875065,1332,1
121.411288,537,1
116.704815,529,1
122.655368,532,1
125.357269,561,1
125.2516,558,1
130.799127,489,1
123.697448,547,1
123.093201,547,1
126.577135,555,1
123.148858,510,1
121.524522,593,1
117.505408,488,1
98.614133,474,1
116.980436,523,1
120.506898,504,1
121.709465,499,1
127.297881,525,1
126.512783,481,1
120.161876,569,1
114.236074,540,1
118.465796,405,1
119.3033,543,1
124.528809,877,1
117.856126,527,1
116.034048,558,1
118.793455,549,1
120.460307,538,1
121.019777,566,1
118.803754,519,1
122.458054,1231,1
120.236719,503,1
123.52446,537,1
125.261182,533,1
124.802858,561,1
122.878055,524,1
105.52845,438,1
121.97322,553,1
122.004834,575,1
120.144626,505,1
120.900633,516,1
120.093461,560,1
124.539043,535,1
123.359793,558,1
126.263827,497,1
122.479792,559,1
126.428529,537,1
122.213737,537,1
124.283345,483,1
123.302704,513,1
132.023731,568,1
124.339581,533,1
126.299579,525,1
128.970697,536,1
126.856693,561,1
124.381808,525,1
121.144759,517,1
123.758796,515,1
123.134055,499,1
123.807093,539,1
132.061931,1825,1
126.41168,579,1
129.034171,552,1
122.2917,557,1
98.446257,453,1
125.062726,556,1
123.092345,559,1
120.996791,538,1
121.615066,566,1
119.448065,569,1
125.821339,563,1
109.199003,1112,1
123.907047,508,1
121.347647,510,1
128.261282,538,1
130.164625,542,1
121.459928,554,1
123.397018,505,1
126.423068,497,1
130.416945,519,1
121.839343,502,1
126.768755,510,1
121.010359,565,1
122.00965,537,1
122.843618,430,1
128.775245,515,1
122.446261,510,1
121.850419,582,1
129.909308,594,1
121.129071,521,1
123.2399,556,1
129.876881,510,1
122.354782,522,1
128.242065,575,1
126.43607,503,1
121.628548,485,1
131.830713,530,1
131.242663,2781,1
133.610017,758,1
138.965441,1017,1
123.814471,800,1
131.134198,721,1
132.461773,566,1
132.946265,656,1
142.298769,532,1
132.730978,872,1
131.06308,742,1
122.198444,479,1
129.11795,737,1
130.553976,899,1
247.259099,506,0
132.195919,1012,1
128.940445,538,1
134.940192,1664,1
130.276937,456,1
134.955067,521,1
130.742274,1028,1
124.763237,537,1
130.562826,483,1
128.718039,1002,1
134.713607,575,1
138.638649,589,1
127.817185,528,1
131.317057,544,1
124.889659,512,1
123.576158,544,1
125.38323,584,1
123.596339,536,1
125.88464,530,1
130.174837,895,1
122.650753,570,1
128.48943,512,1
122.90471,557,1
122.387867,576,1
123.40818,528,1
117.812962,551,1
120.217165,530,1
126.780696,540,1
112.899957,478,1
123.385885,577,1
125.15988,547,1
123.575198,538,1
131.733008,528,1
120.693648,536,1
107.242096,475,1
120.438676,572,1
120.814141,1949,1
107.725133,470,1
119.492416,789,1
121.794451,567,1
123.98403,547,1
126.615093,506,1
209.462791,636,1
129.065403,561,1
127.479958,614,1
116.442449,554,1
118.016623,525,1
118.932154,493,1
106.294121,456,1
116.50159,1142,1
117.925609,540,1
120.782467,516,1
125.044651,530,1
121.910263,528,1
125.708566,572,1
121.414224,471,1
117.634194,547,1
120.005217,525,1
126.445138,547,1
121.337569,415,1
134.943389,545,1
124.774082,559,1
122.179525,487,1
121.397742,778,1
119.153203,461,1
123.757708,485,1
130.544182,1268,1
130.614027,554,1
124.563706,491,1
124.563706,491,1
124.563706,491,1
126.768755,510,1
126.768755,510,1
133.810548,555,1
122.103983,492,1
123.116046,1098,1
353.338938,6892,1
456.237154,5433,0
127.941437,511,1
454.176385,8871,0
132.269103,568,1
0,17,1
149.156609,2700,1
133.234369,528,1
128.110459,513,1
122.637926,898,1
122.838425,487,1
156.560577,146,1
123.276436,459,1
136.990273,542,1
123.693651,594,1
130.577162,579,1
145.334889,2392,1
137.610439,976,1
125.008747,538,1
133.756742,553,1
130.510323,819,1
120.891654,536,1
121.153368,465,1
132.151917,2218,1
156.450568,1370,1
138.957808,535,1
138.957808,535,1
138.957808,535,1
119.719434,566,1
122.305692,607,1
123.532293,521,1
129.335906,753,1
131.459672,705,1
223.737904,3384,0
128.216114,532,1
119.654632,461,1
121.300315,472,1
133.088243,734,1
122.943108,474,1
120.330256,564,1
122.301379,560,1
126.05501,1820,1
122.921553,468,1
122.187024,579,1
420.444324,2972,0
124.97673,575,1
121.358253,480,1
122.498029,469,1
131.614167,1787,1
128.455445,585,1
123.358384,493,1
125.556473,469,1
121.722527,533,1
125.474123,537,1
132.989765,576,1
124.146909,431,1
123.823192,445,1
108.373209,2798,1
703.033671,7959,0
126.943764,441,1
122.275602,471,1
456.386354,5673,0
138.419046,597,1
121.034915,519,1
123.299291,535,1
124.693414,511,1
127.619653,527,1
115.450491,404,1
616.571533,6707,0
123.701032,565,1
129.368755,504,1
126.871997,547,1
132.268339,524,1
130.1738,729,1
129.993712,726,1
125.107718,536,1
134.063962,546,1
142.007103,850,1
132.863496,537,1
122.981547,526,1
133.285878,744,1
122.98863,523,1
130.770216,921,1
121.027999,507,1
134.514696,838,1
121.642194,490,1
921.021618,13164,0
125.813574,565,1
125.549552,532,1
129.191255,481,1
124.988362,565,1
126.823043,507,1
123.717418,489,1
124.964102,516,1
125.366648,568,1
117.758161,701,1
126.30946,546,1
133.007176,535,1
125.297092,608,1
123.888748,529,1
126.101692,533,1
121.625045,487,1
125.91989,524,1
140.844157,947,1
125.281285,571,1
126.566163,503,1
123.197869,503,1
100.675519,381,1
122.284425,533,1
122.354006,559,1
123.526999,513,1
132.390941,542,1
122.208389,517,1
132.525505,734,1
127.748403,468,1
125.095376,589,1
121.870598,546,1
122.818292,547,1
125.227977,540,1
130.446443,552,1
128.72362,1517,1
117.411366,913,1
123.63099,580,1
124.055255,536,1
123.362631,522,1
126.132699,535,1
124.534801,546,1
119.188677,506,1
124.585662,553,1
119.430371,486,1
122.338914,634,1
127.053907,547,1
145.748757,860,1
124.599269,574,1
122.66964,2097,1
124.249063,547,1
134.832356,591,1
122.72809,543,1
126.85133,543,1
126.854298,624,1
126.770208,539,1
215.672105,4236,0
124.636759,508,1
108.636734,3300,1
126.424015,548,1
117.800989,1153,1
126.911736,734,1
120.010657,506,1
124.150195,549,1
124.628954,532,1
118.545329,622,1
119.441388,504,1
127.150065,474,1
125.059914,1491,1
115.831491,681,1
118.962642,567,1
122.713331,560,1
14.53099,749,1
119.999576,517,1
135.570563,554,1
121.56189,513,1
101.376374,1513,1
121.237276,479,1
122.540481,547,1
128.743808,578,1
123.42533,533,1
121.429301,514,1
108.737285,460,1
122.086396,537,1
129.033877,472,1
125.669408,650,1
162.10137,2709,1
881.957729,12104,0
129.686394,1038,1
134.232389,1234,1
390.388948,13775,0
647.314193,7450,0
145.201135,928,1
124.284791,743,1
147.33917,2898,1
119.32539,439,1
961.397552,12419,0
131.403551,797,1
348.493636,4802,0
131.484236,435,1
131.132531,463,1
130.476731,461,1
147.356086,149,1
133.174243,749,1
128.887867,749,1
184.739212,8872,1
129.236061,1087,1
133.538446,1967,1
131.348009,746,1
131.38487,815,1
131.758141,914,1
132.088356,1797,1
128.816165,741,1
128.263349,731,1
129.476797,737,1
132.086459,413,1
134.413379,592,1
127.802921,758,1
129.278133,768,1
127.633012,453,1
130.595431,534,1
129.475741,536,1
127.136099,742,1
127.539759,2070,1
123.663045,429,1
124.220311,773,1
130.430771,1124,1
129.405676,737,1
133.727644,755,1
124.477503,2498,1
127.508825,494,1
136.712926,877,1
128.506941,549,1
123.25758,758,1
132.494603,486,1
129.930529,2080,1
144.808472,720,1
114.259028,507,1
264.761576,4597,1
130.88396,750,1
130.811991,426,1
133.993589,1023,1
134.956219,744,1
130.863023,576,1
131.394023,808,1
131.897171,1811,1
133.55815,1007,1
134.678525,474,1
131.190425,623,1
129.977364,830,1
143.281742,934,1
118.525638,480,1
131.052359,747,1
132.975921,476,1
133.688179,529,1
129.257793,2645,1
124.011199,768,1
135.96219,465,1
131.843121,441,1
134.492255,433,1
135.8606,461,1
135.180028,447,1
130.997473,433,1
137.494992,1294,1
133.838628,430,1
130.231987,486,1
135.569675,463,1
130.501991,909,1
492.887163,8529,0
117.9823,605,1
120.450813,1263,1
127.869282,563,1
135.523287,947,1
133.421396,501,1
126.152408,29,1
229.203327,2249,1
125.941581,729,1
129.335906,451,1
998.176448,12449,0
134.680222,476,1
133.088243,522,1
128.49907,625,1
98.193795,415,1
129.568907,414,1
131.242663,633,1
133.610017,547,1
147.881904,1986,1
140.388973,539,1
132.576037,488,1
138.489221,520,1
130.871576,447,1
131.9655,451,1
130.915125,421,1
131.835462,477,1
132.461773,566,1
130.556077,485,1
131.240352,929,1
128.886457,1798,1
325.563032,8427,1
132.943564,760,1
143.267757,4412,1
131.333092,524,1
128.885727,532,1
134.063962,546,1
132.863496,537,1
130.030202,551,1
134.514696,544,1
132.730978,596,1
131.388922,472,1
130.322303,447,1
127.762155,441,1
138.159177,621,1
130.553976,437,1
193.589339,12642,1
129.022476,489,1
247.259099,506,0
132.195919,532,1
134.940192,671,1
130.742274,452,1
130.54146,423,1
130.562826,483,1
128.718039,496,1
132.390941,542,1
132.525505,546,1
129.955167,473,1
130.740842,440,1
131.132531,463,1
130.476731,461,1
133.174243,464,1
128.887867,460,1
129.236061,492,1
131.348009,532,1
133.33543,538,1
131.38487,533,1
130.27867,646,1
130.886512,410,1
136.935197,857,1
129.743429,431,1
128.198994,441,1
129.83221,466,1
130.535847,488,1
129.476797,438,1
132.086459,413,1
130.512372,501,1
127.802921,412,1
129.278133,477,1
173.180138,333,1
130.595431,534,1
129.475741,536,1
127.136099,534,1
127.240454,627,1
127.539759,460,1
126.911736,431,1
129.633118,486,1
129.405676,531,1
133.252178,488,1
129.261569,617,1
125.832718,438,1
123.595604,597,1
127.150065,474,1
124.477503,557,1
115.831491,495,1
127.14691,532,1
123.814041,555,1
128.645377,563,1
127.508825,494,1
128.506941,549,1
101.966272,441,1
129.8927,499,1
130.395564,649,1
129.930529,487,1
114.917975,351,1
133.545503,461,1
114.259028,478,1
134.319113,532,1
134.501314,477,1
130.88396,413,1
130.811991,426,1
133.993589,458,1
132.430691,528,1
132.297874,578,1
131.394023,566,1
131.897171,471,1
130.064098,490,1
133.55815,480,1
134.678525,474,1
131.190425,623,1
128.771002,527,1
129.977364,535,1
130.321837,517,1
129.471001,531,1
118.525638,480,1
131.12374,450,1
131.052359,462,1
132.975921,476,1
129.257793,447,1
135.259325,471,1
131.843121,441,1
134.492255,433,1
135.8606,461,1
133.745814,489,1
135.180028,447,1
130.997473,433,1
129.356831,531,1
132.854245,507,1
133.838628,430,1
130.231987,486,1
135.569675,463,1
130.501991,644,1
134.926925,413,1
132.590331,448,1
130.72832,431,1
127.898349,593,1
133.906613,563,1
129.961398,530,1
127.890164,876,1
130.498409,507,1
135.582421,664,1
134.323152,488,1
132.571644,469,1
126.663407,501,1
126.064815,1730,1
134.85771,1465,1
117.779038,527,1
123.815607,622,1
122.969444,488,1
119.71119,568,1
815.391042,5893,0
134.444678,665,1
129.788086,509,1
129.496642,650,1
128.840318,557,1
113.602918,481,1
128.588496,532,1
120.755568,464,1
128.490863,469,1
127.440831,488,1
128.926878,461,1
125.557211,473,1
130.182997,622,1
137.542956,447,1
138.64585,459,1
132.989318,542,1
133.318207,459,1
134.972593,537,1
134.839719,452,1
812.473587,10768,0
872.663445,12585,0
349.311135,7460,1
148.102663,5578,1
814.36075,11973,0
959.704266,13792,0
929.409876,11108,0
131.085075,499,1
128.368575,539,1
127.957847,556,1
108.788363,444,1
119.719647,468,1
107.382253,448,1
126.157585,500,1
118.03266,499,1
128.521429,513,1
126.919038,498,1
119.707058,445,1
134.361683,524,1
131.260442,537,1
134.927302,599,1
129.547463,550,1
131.035463,547,1
130.961372,538,1
136.349334,528,1
130.131128,500,1
127.917931,515,1
128.988097,497,1
100.58118,725,1
131.308157,542,1
130.069623,524,1
133.512508,539,1
131.991716,549,1
130.195871,551,1
128.999999,557,1
125.810602,507,1
34.194666,720,1
128.385183,531,1
116.686422,496,1
120.094705,459,1
127.560982,513,1
32.149679,743,1
31.003024,744,1
128.791853,566,1
116.071214,479,1
130.276831,472,1
130.454085,426,1
130.218786,541,1
129.377833,638,1
128.732671,501,1
122.364991,468,1
128.692003,465,1
129.803847,553,1
129.773878,495,1
132.819802,540,1
129.073335,448,1
128.42007,535,1
128.714093,585,1
121.94776,469,1
127.657127,506,1
126.770512,451,1
126.861479,513,1
131.739115,524,1
131.068017,497,1
134.541859,534,1
134.195116,460,1
131.539352,520,1
128.975992,453,1
134.558564,552,1
133.79705,477,1
134.328811,502,1
129.126139,439,1
129.774489,540,1
128.734072,485,1
129.861802,524,1
131.339032,582,1
129.458083,472,1
133.303987,433,1
101.188024,763,1
125.641517,500,1
128.973538,502,1
118.916869,494,1
129.102979,551,1
134.921973,463,1
118.438071,352,1
134.650674,430,1
130.725904,429,1
135.438471,546,1
112.409866,430,1
129.704801,506,1
128.134984,444,1
128.776511,471,1
148.457198,654,1
131.657223,444,1
130.54576,449,1
132.602552,452,1
127.669625,406,1
129.90179,541,1
129.770368,462,1
128.061829,488,1
145.516227,785,1
130.19607,424,1
131.393963,434,1
130.472189,431,1
171.119012,508,1
136.239314,620,1
137.358958,485,1
133.62628,529,1
133.79444,519,1
140.141938,1349,1
902.264992,10081,0
131.459672,455,1
165.617971,5037,1
129.686394,555,1
129.426293,474,1
904.108422,12404,0
146.150757,653,1
129.845842,464,1
746.468272,12710,0
130.721398,511,1
121.257992,599,1
131.870491,896,1
132.773545,555,1
129.368755,504,1
129.993712,527,1
124.284791,743,1
130.871283,554,1
133.545107,488,1
130.276937,456,1
133.182277,651,1
121.77546,765,1
131.484236,435,1
132.951574,447,1
133.538446,600,1
139.951922,539,1
131.613688,487,1
136.935197,804,1
128.263349,449,1
131.644413,3234,1
133.672818,592,1
128.499922,511,1
123.663045,429,1
123.514798,441,1
133.180173,509,1
132.494603,486,1
110.83139,349,1
132.618694,535,1
133.149865,520,1
134.956219,465,1
130.863023,576,1
132.790925,540,1
133.241413,515,1
131.705334,930,1
133.688179,529,1
139.573326,953,1
135.96219,465,1
147.91039,1009,1
128.615212,426,1
134.156329,457,1
129.469997,470,1
127.257261,484,1
131.627805,502,1
133.143013,539,1
126.863498,531,1
127.062295,464,1
128.239822,447,1
127.113039,422,1
126.858454,429,1
128.007442,413,1
132.332022,2780,1
132.890889,584,1
126.811229,536,1
129.140481,506,1
1604.552704,11018,1
1879.584922,12581,1
134.75493,539,1
134.220798,2470,1
136.910011,541,1
492.887163,7515,0
149.296709,523,1
135.592703,577,1
131.564379,524,1
130.062392,535,1
141.338224,821,1
124.587342,529,1
135.984235,537,1
132.624278,655,1
128.758258,477,1
130.203685,475,1
134.918268,468,1
135.720152,412,1
129.747368,460,1
128.915691,523,1
130.752637,482,1
131.819634,479,1
130.00135,438,1
134.445741,452,1
128.37797,434,1
134.279851,500,1
129.466652,460,1
125.821429,448,1
127.90225,441,1
135.312876,427,1
132.294761,415,1
127.85183,439,1
131.063048,494,1
155.70194,1469,1
134.355641,474,1
136.748227,468,1
132.054715,482,1
127.109174,634,1
129.45323,451,1
117.9823,605,1
123.272904,544,1
130.545085,529,1
127.801335,505,1
264.05222,3652,1
131.67492,691,1
140.689676,788,1
122.082674,519,1
133.208358,553,1
135.728313,476,1
128.422719,496,1
136.616284,451,1
134.096767,499,1
132.69486,532,1
120.870159,476,1
134.929486,490,1
134.216932,491,1
134.741681,511,1
130.473888,498,1
132.26958,473,1
128.438928,427,1
133.477167,439,1
129.863092,915,1
132.533254,632,1
352.599646,6892,1
134.232389,576,1
147.33917,1605,1
348.493636,2536,0
127.633012,453,1
145.704961,1573,1
135.048651,4598,1
142.0206,601,1
126.945309,744,1
116.582284,2348,1
127.068961,658,1
127.472416,463,1
126.796141,434,1
129.775584,426,1
129.963838,449,1
127.229068,603,1
130.791608,537,1
130.703958,506,1
151.53735,618,1
132.908088,426,1
128.233818,466,1
137.06068,652,1
119.233223,845,1
128.020715,475,1
127.978825,461,1
126.794792,448,1
127.875059,464,1
128.5701,440,1
131.551179,582,1
134.735138,1355,1
126.977561,518,1
127.642983,503,1
127.991879,446,1
129.537085,501,1
131.545537,635,1
128.284044,450,1
113.233946,394,1
131.972213,526,1
139.649312,496,1
140.840694,568,1
127.921318,569,1
137.473709,1509,1
128.700279,510,1
125.282503,565,1
133.82268,454,1
130.194789,529,1
124.796668,500,1
137.708564,471,1
130.91079,545,1
130.636258,506,1
138.19859,648,1
106.314533,516,1
130.011115,509,1
131.794902,472,1
126.272885,739,1
139.034126,446,1
132.255431,829,1
121.384252,698,1
133.332012,436,1
141.644914,1826,1
136.072282,558,1
127.440831,488,1
124.939623,473,1
130.290581,542,1
134.231816,537,1
147.881904,783,1
193.589339,12642,1
127.132429,1777,1
132.848135,970,1
126.508835,1337,1
121.410234,788,1
126.627566,590,1
147.91039,1009,1
129.609708,464,1
133.744125,493,1
129.374714,490,1
130.844603,1034,1
128.126539,522,1
128.928011,520,1
132.911686,436,1
132.853114,540,1
129.939874,534,1
138.705041,642,1
131.171561,478,1
130.743452,484,1
134.019886,400,1
127.306916,402,1
131.622737,462,1
128.663294,598,1
129.586322,520,1
121.302347,566,1
126.589366,490,1
129.502068,537,1
128.443128,652,1
108.788363,444,1
107.382253,448,1
126.157585,500,1
126.919038,498,1
119.707058,445,1
921.80887,5936,1
110.982743,512,1
133.620576,524,1
129.850086,537,1
129.624898,547,1
135.608887,528,1
127.917931,515,1
134.723787,598,1
131.308157,542,1
131.99779,518,1
130.069623,524,1
105.843681,387,1
131.572902,539,1
131.532974,527,1
132.914394,494,1
130.195871,551,1
120.860885,560,1
128.817131,569,1
128.064357,557,1
130.672977,521,1
133.86301,529,1
129.238672,514,1
34.194666,720,1
130.022619,513,1
138.524241,607,1
128.385183,531,1
131.156245,535,1
115.945315,496,1
129.875151,548,1
120.094705,459,1
137.132823,537,1
127.560982,513,1
131.179869,536,1
32.149679,743,1
133.555424,625,1
117.9823,605,1
136.059036,461,1
31.003024,744,1
128.032589,440,1
128.791853,566,1
129.610555,482,1
116.071214,479,1
128.797752,472,1
133.056187,439,1
129.601615,541,1
125.892236,821,1
132.017998,590,1
122.364991,468,1
131.60977,551,1
128.323189,553,1
129.670404,590,1
129.033576,495,1
129.573455,494,1
132.819802,540,1
130.267535,522,1
127.484184,535,1
130.348813,641,1
128.481424,467,1
121.94776,469,1
130.583972,433,1
127.657127,506,1
132.28596,451,1
126.861479,513,1
133.912992,422,1
131.739115,524,1
133.495916,459,1
133.801411,534,1
139.817844,588,1
131.539352,520,1
130.613066,490,1
132.883135,552,1
135.144206,526,1
123.06386,638,1
133.711304,502,1
134.29686,466,1
128.559203,540,1
130.604289,472,1
127.675588,780,1
128.128574,769,1
129.859695,582,1
130.29287,469,1
129.458083,472,1
129.68817,412,1
119.71119,568,1
126.480357,932,1
124.048528,419,1
124.230554,500,1
129.627297,444,1
118.916869,494,1
131.87493,427,1
131.074382,600,1
128.984238,476,1
128.90268,515,1
131.126748,470,1
131.777373,522,1
120.498565,1043,1
131.530063,662,1
130.70701,436,1
126.797913,437,1
128.438342,444,1
812.325472,5893,0
131.206485,1411,1
133.500583,452,1
131.39329,470,1
132.147451,589,1
128.451485,558,1
125.170889,465,1
127.047132,449,1
132.918091,560,1
128.878518,637,1
141.493406,3260,1
128.793453,910,1
125.875479,2106,1
124.961855,649,1
129.520281,1311,1
131.169929,456,1
127.303378,468,1
127.44382,488,1
113.602918,481,1
118.327488,464,1
125.941581,729,1
792.5749,10768,0
878.677065,12104,0
324.812889,8427,1
143.267757,4412,1
955.936119,12419,0
131.705334,930,1
122.710375,537,1
139.573326,953,1
129.469997,470,1
134.217247,818,1
128.389799,518,1
127.890164,876,1
119.719647,468,1
119.829419,511,1
118.03266,499,1
132.332022,2780,1
128.521429,513,1
134.220798,2470,1
138.072468,554,1
131.697924,482,1
127.922837,460,1
127.917092,459,1
130.961372,538,1
99.910528,725,1
120.449904,601,1
129.960719,549,1
125.071145,507,1
126.740679,487,1
127.109174,634,1
123.073017,622,1
131.67492,691,1
140.689676,788,1
129.861802,524,1
122.714511,526,1
133.702304,665,1
147.548567,951,1
133.91496,3179,1
919.120298,13164,0
136.935197,804,1
173.180138,333,1
135.769866,788,1
111.031496,2969,1
139.75319,942,1
492.887163,7515,0
141.338224,821,1
131.532344,654,1
147.445928,1488,1
139.661016,1317,1
127.528918,741,1
157.938681,956,1
872.539457,12585,0
996.522377,12449,0
127.869282,563,1
347.664478,7460,1
804.727363,11973,0
951.876518,13792,0
167.465733,602,1
125.191353,2377,1
143.191839,757,1
128.886457,473,1
129.426575,455,1
131.778039,464,1
926.248689,11108,0
154.514788,3316,1
129.640459,795,1
130.416483,593,1
143.527291,920,1
121.490695,488,1
140.104533,604,1
525.013672,4700,0
120.039897,973,1
144.343886,844,1
120.831203,677,1
129.701672,597,1
131.305352,1832,1
126.478669,1340,1
120.534076,542,1
128.97215,652,1
119.88864,480,1
126.064815,1715,1
134.85771,583,1
118.563259,556,1
144.088142,600,1
500.353251,4443,0
509.374799,4751,0
120.086987,484,1
137.242469,618,1
117.779038,527,1
154.536595,887,1
127.876333,612,1
114.948814,463,1
134.271913,1158,1
125.275712,2789,1
134.42299,817,1
127.248132,969,1
894.725125,10081,0
165.617971,5037,1
900.809158,12404,0
905.305887,12691,0
137.211059,1259,1
162.5961,3862,1
745.905435,12710,0
938.485505,7618,0
127.838271,445,1
131.870491,456,1
130.556077,485,1
131.240352,608,1
937.474265,12938,0
127.388649,1262,1
118.79315,445,1
133.577845,570,1
119.57117,653,1
140.607327,518,1
138.962142,529,1
131.244234,433,1
132.712494,462,1
134.848634,513,1
133.700964,442,1
167.599777,2121,1
153.071002,680,1
140.761423,527,1
138.873877,480,1
141.418072,577,1
145.055553,821,1
140.965701,637,1
138.102812,517,1
139.320944,519,1
139.403482,547,1
144.30348,553,1
121.105381,2370,1
144.687208,604,1
141.511609,567,1
136.919034,529,1
140.233702,517,1
145.099762,596,1
135.852527,564,1
138.578466,537,1
138.879029,550,1
131.693623,495,1
133.626386,605,1
148.32904,1741,1
146.652072,594,1
128.91155,644,1
125.831367,573,1
125.059087,559,1
124.80747,498,1
129.814052,673,1
119.983855,435,1
136.698739,1188,1
141.701606,563,1
109.751562,495,1
145.193225,587,1
147.622924,616,1
140.168215,542,1
111.140454,2672,1
145.615551,665,1
143.627618,562,1
143.627618,562,1
143.627618,562,1
143.239369,582,1
143.239369,582,1
143.239369,582,1
142.945974,551,1
142.945974,551,1
142.945974,551,1
153.057322,660,1
141.578696,608,1
141.578696,608,1
141.578696,608,1
150.713252,721,1
172.846043,867,1
529.536539,4732,0
223.444336,6936,1
146.075091,608,1
158.209217,837,1
150.599954,867,1
138.146066,544,1
142.485574,597,1
124.491512,508,1
138.148955,470,1
171.074176,1572,1
172.082602,2622,1
138.595679,466,1
142.973095,535,1
143.699204,633,1
151.637076,751,1
136.529897,554,1
136.529897,554,1
142.441457,783,1
143.014105,481,1
364.970623,8041,0
133.624612,712,1
154.563827,779,1
147.166268,562,1
369.768263,9455,0
130.137564,682,1
146.294819,677,1
134.928957,710,1
139.276604,684,1
142.367549,566,1
149.90125,585,1
335.821508,6586,0
138.969509,726,1
139.443399,736,1
368.307026,8201,0
140.288296,680,1
143.465252,804,1
139.415185,622,1
377.946612,7257,0
81.272828,3402,1
140.229239,759,1
405.360568,9273,0
155.108633,853,1
140.38081,641,1
135.61759,633,1
135.514409,648,1
129.696414,725,1
150.698169,824,1
130.76072,572,1
131.085639,608,1
142.802207,690,1
143.107684,704,1
143.233506,764,1
143.639416,580,1
135.35695,534,1
155.725353,998,1
136.347658,783,1
158.501925,741,1
136.77983,815,1
141.410086,475,1
151.550976,570,1
134.973186,663,1
137.275554,509,1
142.904585,813,1
141.709295,578,1
127.937918,634,1
163.510673,950,1
126.11576,561,1
121.86723,615,1
126.254185,497,1
121.521283,771,1
124.389937,811,1
124.479283,527,1
148.51672,916,1
124.948909,840,1
119.2968,786,1
138.966853,605,1
149.696144,764,1
138.567122,660,1
156.076007,1152,1
138.942953,815,1
141.637963,550,1
144.712092,585,1
63.853721,491,1
94.572149,1454,1
162.428041,1003,1
139.00818,573,1
145.037862,714,1
140.785211,562,1
153.931043,845,1
150.581577,820,1
139.374213,817,1
147.177215,1003,1
141.804216,884,1
142.67674,863,1
139.568676,760,1
141.45551,658,1
140.521607,641,1
141.34014,523,1
158.837602,895,1
138.669092,772,1
145.26389,762,1
139.820822,530,1
135.046595,703,1
148.359403,846,1
972.18509,8893,0
154.738734,878,1
155.736793,1018,1
142.998723,863,1
146.62135,842,1
137.490015,597,1
129.686507,802,1
123.365096,646,1
141.266551,781,1
135.314816,767,1
140.962898,585,1
142.018179,508,1
144.418241,897,1
154.112707,1386,1
137.78315,788,1
138.472251,505,1
127.245606,588,1
124.531578,539,1
140.091343,922,1
122.25422,552,1
134.001559,655,1
144.008838,553,1
153.654389,766,1
137.778154,682,1
143.239409,476,1
144.505719,787,1
150.02269,642,1
143.073422,554,1
144.096594,727,1
138.964611,784,1
148.215551,595,1
138.610717,678,1
140.769941,758,1
141.33661,559,1
144.19641,529,1
144.650819,522,1
153.708556,607,1
143.787551,518,1
141.652735,585,1
147.52929,547,1
141.086491,567,1
141.086491,567,1
146.472343,591,1
139.776993,559,1
143.373063,541,1
142.884034,681,1
137.669687,543,1
139.39665,576,1
142.159558,502,1
142.211266,498,1
144.565908,632,1
132.150934,643,1
139.649962,568,1
150.161814,588,1
140.40018,1712,1
131.170086,477,1
158.231949,910,1
144.222756,593,1
148.325564,651,1
143.046485,539,1
132.170572,3659,1
142.674953,507,1
146.350072,565,1
146.158178,1123,1
157.380916,688,1
125.342659,537,1
110.548992,1680,1
148.511863,743,1
139.881631,582,1
136.990662,676,1
140.316552,639,1
138.709498,651,1
146.416645,711,1
135.495577,712,1
132.24283,668,1
131.17987,678,1
138.283547,629,1
137.687571,568,1
139.502407,615,1
143.13326,522,1
143.13326,522,1
143.13326,522,1
137.206208,743,1
132.047782,697,1
140.61681,504,1
140.61681,504,1
132.109398,610,1
134.247136,623,1
147.865756,807,1
137.797174,543,1
129.542292,634,1
145.58883,619,1
137.617959,585,1
128.456964,499,1
137.290428,561,1
139.129118,605,1
139.707048,679,1
137.990547,552,1
140.633355,534,1
151.053228,657,1
144.752428,488,1
138.878983,582,1
141.528088,658,1
138.627316,600,1
163.022777,791,1
131.974694,479,1
116.809424,461,1
155.190511,1198,1
140.583019,583,1
140.583019,583,1
140.583019,583,1
135.144641,476,1
135.144641,476,1
135.144641,476,1
138.885588,524,1
138.885588,524,1
138.885588,524,1
134.41135,553,1
134.41135,553,1
134.41135,553,1
138.686491,510,1
138.686491,510,1
138.686491,510,1
136.645577,578,1
136.645577,578,1
136.645577,578,1
102.833561,772,1
136.811704,520,1
136.811704,520,1
136.811704,520,1
139.461663,555,1
139.461663,555,1
139.461663,555,1
155.057302,582,1
155.057302,582,1
155.057302,582,1
391.104458,8007,0
136.051331,579,1
136.684251,457,1
137.42738,493,1
121.349293,600,1
145.175081,11008,1
144.518153,497,1
173.892843,1031,1
168.651096,1524,1
157.31766,819,1
158.262917,6703,1
142.619055,569,1
124.566464,736,1
128.548901,455,1
148.068189,5073,1
155.424075,732,1
164.340063,2598,1
142.305207,524,1
148.859837,665,1
139.623407,2643,1
123.223301,457,1
140.179182,544,1
142.258452,506,1
135.024211,1185,1
107.882816,852,1
123.751434,455,1
157.981515,557,1
145.241019,757,1
139.601936,503,1
165.631168,706,1
141.828019,554,1
143.579753,676,1
124.694044,537,1
124.694044,537,1
159.230459,3387,1
130.455997,568,1
156.611703,810,1
140.448115,546,1
141.418347,548,1
140.198184,600,1
143.309532,572,1
146.108402,588,1
140.165456,539,1
121.996758,535,1
141.881849,585,1
139.62291,493,1
145.789847,1197,1
140.680612,650,1
163.170268,802,1
162.992599,959,1
154.358908,2183,1
139.154897,523,1
158.686354,2864,1
133.838828,522,1
161.207576,918,1
125.770946,507,1
147.116562,982,1
128.35562,532,1
129.052412,483,1
124.972572,545,1
129.019907,585,1
134.550729,1488,1
137.395413,528,1
144.558861,635,1
140.272232,523,1
140.272232,523,1
143.395418,541,1
143.395418,541,1
143.395418,541,1
139.587519,525,1
138.900681,539,1
152.798904,895,1
451.797201,7765,0
138.742852,895,1
1360.816545,17977,0
143.228171,1340,1
138.731739,536,1
147.336154,638,1
113.924462,817,1
136.208188,582,1
139.583594,588,1
160.675647,830,1
160.846369,1094,1
367.256287,7172,0
140.56611,570,1
155.845073,1141,1
105.94158,1452,1
152.69725,729,1
124.624117,586,1
128.012515,486,1
145.215984,607,1
144.114442,540,1
163.140332,683,1
130.708568,1075,1
137.339966,520,1
155.98463,770,1
151.600783,636,1
164.937959,800,1
155.902277,1131,1
132.570293,788,1
133.889456,473,1
164.325824,769,1
128.459909,638,1
143.314335,647,1
140.130751,555,1
159.00294,5659,1
141.653145,535,1
145.7016,635,1
140.722229,485,1
138.189678,523,1
142.865183,544,1
140.037559,544,1
137.135732,465,1
137.53223,493,1
139.971452,574,1
142.795191,1735,1
132.805195,523,1
137.452161,540,1
145.885037,603,1
404.630019,7769,0
136.18586,436,1
373.082129,8091,0
130.272644,419,1
147.623393,586,1
137.55344,512,1
138.717482,495,1
131.519927,439,1
144.342827,528,1
140.303841,498,1
363.365135,9150,0
138.057308,461,1
136.763917,810,1
130.102437,438,1
145.853582,568,1
132.500233,464,1
176.361508,774,1
147.240344,557,1
159.617282,521,1
156.469248,690,1
162.923322,729,1
131.561946,586,1
124.032739,490,1
134.391331,447,1
170.04265,1236,1
136.842079,462,1
132.878175,491,1
131.715031,458,1
217.643001,10723,0
353.2265,10999,0
150.01387,550,1
128.429708,478,1
362.242266,9163,0
132.331118,596,1
131.806539,530,1
153.003658,632,1
167.033235,849,1
139.463586,580,1
118.659858,3644,1
133.930638,506,1
169.103074,3025,1
136.507454,469,1
140.446503,517,1
165.009476,776,1
165.682358,12692,1
136.543722,493,1
163.003034,828,1
124.313674,511,1
127.451918,612,1
152.760089,626,1
146.327701,601,1
146.327701,601,1
136.5858,496,1
136.5858,496,1
133.821642,631,1
699.73733,9684,0
133.662941,446,1
353.38462,10838,0
142.830362,513,1
142.889637,588,1
132.590504,551,1
138.259872,532,1
160.688692,831,1
134.088122,470,1
127.964558,409,1
147.14172,1368,1
136.046877,528,1
137.191475,492,1
142.636636,571,1
144.263444,553,1
141.117676,608,1
149.496042,685,1
147.749499,1986,1
138.681863,504,1
151.09837,609,1
143.052705,539,1
151.266398,604,1
139.115539,3009,1
140.387546,536,1
146.19328,2444,1
157.798796,1617,1
143.56758,631,1
144.028248,950,1
1696.370953,12045,0
149.431542,623,1
131.316122,511,1
144.405593,554,1
1707.502638,12352,0
124.931731,498,1
116.189924,477,1
123.116475,533,1
126.349152,613,1
104.746564,1009,1
138.319643,498,1
156.869534,994,1
132.721152,457,1
131.118719,494,1
142.322714,875,1
148.202599,668,1
134.304093,526,1
140.282693,600,1
145.13421,2444,1
131.916126,487,1
145.446811,700,1
136.421836,460,1
165.427257,5245,1
366.731809,10073,0
139.756144,502,1
144.541119,597,1
138.141459,537,1
131.959766,495,1
152.757819,642,1
128.307639,1512,1
145.787858,835,1
71.450514,2751,1
139.206767,478,1
145.945686,808,1
137.728675,493,1
1788.167263,12915,0
136.079531,505,1
143.147468,517,1
153.662388,619,1
134.471643,1036,1
137.203492,442,1
133.34394,523,1
133.144938,609,1
142.066586,542,1
139.248491,487,1
154.228082,698,1
136.755487,441,1
120.515534,595,1
138.562504,477,1
144.965609,623,1
146.456958,943,1
144.610025,559,1
159.801574,692,1
161.590257,2723,1
156.505494,713,1
136.325648,488,1
140.104795,558,1
134.606765,430,1
175.363416,1035,1
121.564891,861,1
170.643631,678,1
143.739508,579,1
1750.678262,12740,0
1295.097481,13190,0
140.637548,675,1
138.593732,690,1
156.237236,746,1
160.121825,757,1
153.899851,855,1
145.100184,592,1
127.966143,588,1
125.234796,525,1
116.257103,773,1
137.910932,518,1
140.559942,472,1
132.637089,496,1
163.107866,954,1
133.528356,594,1
136.237851,515,1
140.932675,609,1
145.093818,616,1
140.313703,599,1
136.392606,466,1
152.11057,3219,1
140.424478,642,1
138.535602,499,1
144.892392,649,1
141.885724,655,1
141.111388,646,1
154.477734,1866,1
142.533065,727,1
144.111151,723,1
146.412693,994,1
138.075656,635,1
151.134241,884,1
214.066094,7939,0
142.787738,629,1
136.250436,800,1
139.931456,819,1
141.537431,851,1
148.624033,803,1
130.490137,789,1
132.668092,857,1
128.688926,664,1
128.240647,548,1
139.97538,610,1
140.202885,595,1
172.855587,1295,1
141.941879,711,1
141.941879,711,1
142.471652,605,1
142.471652,605,1
142.471652,605,1
141.294439,616,1
141.294439,616,1
143.659933,811,1
143.659933,811,1
143.659933,811,1
135.353124,750,1
135.353124,750,1
135.353124,750,1
141.334632,570,1
136.882834,748,1
144.833219,703,1
144.833219,703,1
144.833219,703,1
148.884165,963,1
148.884165,963,1
148.884165,963,1
147.547561,992,1
143.709209,728,1
143.494036,786,1
144.303406,694,1
144.303406,694,1
144.303406,694,1
143.753462,778,1
143.753462,778,1
145.497614,762,1
145.497614,762,1
148.831396,936,1
144.088665,878,1
144.088665,878,1
148.026436,934,1
148.026436,934,1
144.109064,621,1
145.553137,849,1
144.020422,802,1
145.759929,882,1
137.824784,498,1
141.190146,521,1
139.766143,755,1
138.421049,560,1
142.274579,517,1
143.758012,881,1
143.178038,1456,1
139.293406,539,1
139.101235,553,1
145.084577,869,1
143.946575,586,1
140.305682,511,1
137.392416,465,1
144.487761,1766,1
144.514101,488,1
144.788036,643,1
119.904572,3861,1
162.195671,5741,1
151.200403,3655,1
148.51672,2728,1
145.733769,556,1
141.684532,564,1
135.562629,518,1
134.636882,477,1
141.641067,546,1
117.444522,531,1
136.151979,512,1
87.822997,1243,1
140.416362,531,1
137.093223,510,1
142.387963,711,1
157.351552,662,1
133.479446,450,1
142.08351,549,1
134.300738,452,1
133.530863,495,1
140.086078,502,1
140.972603,514,1
141.591561,632,1
138.757188,664,1
144.479652,692,1
143.230415,547,1
146.374797,1065,1
139.711507,570,1
136.882834,748,1
148.831396,936,1
142.353404,478,1
144.152019,514,1
140.517405,541,1
142.493592,565,1
141.491897,495,1
147.229146,1081,1
137.392416,465,1
139.741895,544,1
126.915349,661,1
117.625173,2440,1
143.142296,1502,1
144.172086,651,1
119.904572,3861,1
146.356281,1252,1
162.195671,5741,1
144.943504,1222,1
149.333056,3655,1
141.920206,1266,1
207.429164,1117,0
154.978241,2990,1
147.650995,3111,1
136.712044,8622,1
134.856133,518,1
134.636882,477,1
134.755614,512,1
133.528356,594,1
162.133266,2807,1
148.279651,625,1
136.237851,515,1
141.85793,5914,1
143.149082,565,1
145.699663,928,1
140.932675,609,1
153.15568,659,1
149.596578,734,1
144.017148,522,1
132.301092,446,1
159.221042,738,1
144.583219,719,1
139.596877,505,1
137.920306,510,1
140.69298,881,1
137.085809,706,1
138.529879,519,1
142.695096,545,1
137.129859,452,1
143.214562,559,1
139.398807,558,1
155.616285,869,1
149.803483,925,1
144.032363,825,1
137.366815,675,1
142.695817,1218,1
145.874798,837,1
142.662453,804,1
143.617779,638,1
139.273489,854,1
141.005032,701,1
145.027782,556,1
141.043578,806,1
138.896,564,1
145.408482,1091,1
145.084139,859,1
141.131829,537,1
145.888316,541,1
141.357794,546,1
142.158365,575,1
138.677783,1065,1
137.53707,587,1
141.379339,875,1
87.822997,1243,1
145.694459,678,1
137.692182,489,1
139.249401,522,1
138.542503,487,1
140.416362,531,1
138.429725,533,1
145.732055,746,1
139.118371,641,1
137.093223,510,1
137.914108,542,1
153.839041,830,1
142.342249,557,1
155.022938,832,1
142.225321,617,1
140.356321,505,1
142.364451,852,1
140.941464,507,1
138.164996,521,1
138.158297,504,1
145.093818,616,1
144.951915,560,1
142.908182,579,1
136.97973,474,1
142.636878,710,1
141.861384,534,1
141.970364,1039,1
145.839539,581,1
142.435862,530,1
140.284605,579,1
145.321825,586,1
137.39628,517,1
143.363525,558,1
145.039601,567,1
140.979871,650,1
137.290493,1030,1
139.662834,509,1
140.857008,526,1
116.328427,1258,1
156.134923,1604,1
142.836599,624,1
127.13578,533,1
142.528758,610,1
129.221172,776,1
141.591561,632,1
145.427215,1231,1
144.479652,692,1
144.535484,488,1
146.456958,943,1
138.593732,690,1
134.856133,518,1
141.077001,503,1
134.636882,477,1
173.85403,1457,1
134.755614,512,1
136.237851,515,1
135.379198,797,1
156.081202,662,1
125.4048,760,1
135.128416,507,1
139.095892,541,1
136.624579,575,1
142.493592,565,1
149.143061,734,1
141.491897,495,1
132.301092,446,1
149.190886,609,1
177.477638,1518,1
144.583219,719,1
141.184647,600,1
138.618172,490,1
158.061276,1060,1
148.374239,995,1
140.69298,881,1
137.392416,465,1
162.195671,5741,1
161.318719,678,1
207.429164,1117,0
141.304163,568,1
152.876403,2990,1
147.197104,3111,1
162.942518,783,1
147.361099,825,1
115.835598,531,1
133.528356,594,1
148.279651,625,1
162.133266,2807,1
141.85793,5914,1
143.149082,565,1
145.699663,928,1
140.932675,609,1
153.15568,659,1
160.486997,719,1
139.202854,522,1
959.465823,8391,0
136.877771,847,1
139.596877,505,1
170.883721,1103,1
141.399067,590,1
135.913308,452,1
139.195333,560,1
137.085809,706,1
140.313703,599,1
136.392606,466,1
134.229773,719,1
138.757188,664,1
139.741895,544,1
153.016302,628,1
119.904572,3861,1
149.333056,3655,1
146.890348,584,1
144.728995,467,1
139.146801,482,1
143.380475,878,1
138.490061,460,1
140.062789,666,1
135.002203,578,1
171.674963,1447,1
152.122706,589,1
144.176456,3041,1
132.499455,643,1
145.825395,709,1
132.104409,491,1
137.477896,690,1
138.231079,691,1
138.252381,670,1
139.744604,751,1
140.907809,546,1
137.813554,642,1
137.491426,639,1
144.152019,514,1
153.757963,1531,1
141.444826,608,1
137.299657,513,1
135.724068,756,1
134.214765,642,1
136.991003,769,1
142.052176,612,1
133.814452,633,1
137.824784,498,1
136.64762,719,1
141.190146,521,1
141.257478,737,1
138.990667,707,1
137.743437,731,1
138.421049,560,1
136.734469,699,1
142.274579,517,1
134.956376,678,1
143.178038,664,1
134.989275,685,1
141.08257,563,1
140.027504,756,1
139.071518,748,1
139.601833,541,1
136.989124,635,1
157.800611,738,1
139.101235,553,1
137.192016,724,1
133.273845,751,1
142.026603,618,1
135.401899,739,1
141.07699,667,1
143.946575,586,1
135.953899,632,1
140.684642,753,1
142.234105,587,1
133.24255,751,1
139.596985,511,1
133.708478,662,1
134.111404,661,1
141.254383,827,1
136.843017,556,1
138.69834,598,1
138.55233,699,1
155.590449,632,1
143.11984,623,1
140.89488,693,1
161.590257,1941,1
139.973383,642,1
139.793133,656,1
147.999124,814,1
144.892392,649,1
141.885724,655,1
154.025883,927,1
145.631638,927,1
141.367565,727,1
144.014438,660,1
143.167903,723,1
146.026117,693,1
145.249586,994,1
138.075656,635,1
153.725372,863,1
152.599167,852,1
147.369347,735,1
149.788561,844,1
163.316598,927,1
146.374797,1065,1
157.390235,1131,1
145.732943,884,1
140.226467,629,1
135.211417,800,1
137.822486,819,1
141.537431,851,1
149.336278,803,1
130.490137,789,1
132.668092,857,1
128.688926,664,1
128.240647,548,1
142.376819,612,1
139.523732,610,1
143.64469,641,1
140.202885,595,1
126.640215,538,1
126.640215,538,1
141.941879,711,1
141.941879,711,1
141.941879,711,1
141.075076,605,1
141.075076,605,1
141.075076,605,1
139.900654,616,1
139.900654,616,1
139.900654,616,1
142.716652,811,1
142.716652,811,1
142.716652,811,1
134.410416,750,1
134.410416,750,1
134.410416,750,1
139.711507,570,1
139.711507,570,1
139.711507,570,1
136.882834,748,1
136.882834,748,1
144.833219,703,1
134.263539,14099,1
150.377708,659,1
139.280615,701,1
182.12628,972,1
145.548466,711,1
152.642064,1077,1
141.455966,604,1
135.787397,780,1
137.936555,617,1
144.487761,710,1
127.60557,739,1
148.51672,2728,1
144.833219,703,1
144.833219,703,1
148.884165,963,1
148.884165,963,1
148.884165,963,1
147.547561,992,1
147.547561,992,1
147.547561,992,1
135.365136,493,1
141.179346,728,1
141.179346,728,1
141.179346,728,1
143.494036,786,1
143.494036,786,1
143.908765,525,1
141.034708,694,1
141.034708,694,1
141.034708,694,1
143.753462,778,1
143.753462,778,1
143.753462,778,1
143.625957,762,1
143.625957,762,1
143.625957,762,1
148.831396,936,1
148.831396,936,1
143.380475,878,1
169.532713,1265,1
141.725749,573,1
147.314124,934,1
147.314124,934,1
136.712044,8622,1
140.411528,700,1
143.090792,760,1
141.641067,546,1
144.109064,621,1
130.289816,1399,1
145.553137,849,1
140.704476,672,1
132.719355,723,1
140.542832,711,1
131.881046,632,1
144.020422,802,1
131.311985,509,1
145.759929,882,1
133.479446,450,1
141.264124,661,1
142.08351,549,1
139.766143,755,1
134.300738,452,1
141.950908,862,1
143.758012,881,1
144.715647,614,1
139.293406,539,1
133.530863,495,1
123.811756,518,1
139.050588,502,1
136.928359,647,1
145.084577,869,1
136.454362,632,1
140.605283,1044,1
134.964199,768,1
138.676413,514,1
129.906279,537,1
153.158738,807,1
144.997981,870,1
141.094351,507,1
133.64128,488,1
141.035725,1061,1
144.173452,830,1
168.494417,1129,1
144.95278,970,1
138.133393,503,1
195.662528,1118,1
142.205284,715,1
141.622368,547,1
141.517895,643,1
140.871884,551,1
142.245418,615,1
141.191322,662,1
137.378487,499,1
141.019599,616,1
135.473328,502,1
164.511115,703,1
137.094765,531,1
132.714753,567,1
138.995722,555,1
142.670428,546,1
136.9966,570,1
143.028598,540,1
141.757345,496,1
142.423794,555,1
137.950953,600,1
138.15668,544,1
146.590676,548,1
151.173107,1078,1
129.563008,691,1
136.355869,531,1
172.855587,1295,1
146.854922,959,1
138.376866,541,1
138.376866,541,1
138.376866,541,1
136.882834,748,1
135.365136,493,1
135.365136,493,1
127.797173,1800,1
143.494036,786,1
143.908765,525,1
143.908765,525,1
150.122254,1395,1
140.11096,573,1
141.928037,530,1
140.589876,494,1
148.60693,841,1
140.718647,571,1
141.124194,587,1
142.353404,478,1
141.575311,525,1
136.426178,519,1
142.073773,615,1
129.85076,547,1
151.877926,1381,1
147.391007,664,1
136.581301,678,1
139.038495,499,1
146.631759,999,1
143.52483,521,1
141.770093,584,1
139.64427,543,1
151.302628,568,1
138.96332,525,1
132.390582,468,1
147.229146,1081,1
137.920306,510,1
126.87824,559,1
