TripID,MMSI,StartLatitude,StartLongitude,StartTime,EndLatitude,EndLongitude,EndTime,ID,time,shiptype,Length,Breadth,Draught,Latitude,Longitude,SOG,COG,TH,Name,Callsign,AisSourcen
27811,477829700,51.957917,4.0387830000000005,2016-01-24 12:50:00,53.506517,9.938,2016-01-25 13:00:00,54454791,2016-01-25 00:21:00,71,323,43,12.00568,53.74335,6.3268330000000015,15.1,72.0,74,OOCL.SOUTHAMPTON,VRCU7,H7001.71.71a
27811,477829700,51.957917,4.0387830000000005,2016-01-24 12:50:00,53.506517,9.938,2016-01-25 13:00:00,54462072,2016-01-25 00:22:00,71,323,43,12.00568,53.74468,6.334217,15.1,73.0,74,OOCL.SOUTHAMPTON,VRCU7,H7001.71.71a
27811,477829700,51.957917,4.0387830000000005,2016-01-24 12:50:00,53.506517,9.938,2016-01-25 13:00:00,54474016,2016-01-25 00:23:00,71,323,43,12.00568,53.74583000000001,6.340517,15.0,73.0,74,OOCL.SOUTHAMPTON,VRCU7,H7001.71.71a
27811,477829700,51.957917,4.0387830000000005,2016-01-24 12:50:00,53.506517,9.938,2016-01-25 13:00:00,54478228,2016-01-25 00:24:00,71,323,43,12.00568,53.74697,6.346817,15.0,73.0,74,OOCL.SOUTHAMPTON,VRCU7,H7001.71.71a
27811,477829700,51.957917,4.0387830000000005,2016-01-24 12:50:00,53.506517,9.938,2016-01-25 13:00:00,54485834,2016-01-25 00:25:00,71,323,43,12.00568,53.74809000000001,6.353383999999998,14.9,73.0,74,OOCL.SOUTHAMPTON,VRCU7,H7001.71.71a
27811,477829700,51.957917,4.0387830000000005,2016-01-24 12:50:00,53.506517,9.938,2016-01-25 13:00:00,54493952,2016-01-25 00:26:00,71,323,43,12.00568,53.74918,6.35965,14.9,73.0,74,OOCL.SOUTHAMPTON,VRCU7,H7001.71.71a
27811,477829700,51.957917,4.0387830000000005,2016-01-24 12:50:00,53.506517,9.938,2016-01-25 13:00:00,54502406,2016-01-25 00:27:00,71,323,43,12.00568,53.75032,6.366017,14.9,73.0,74,OOCL.SOUTHAMPTON,VRCU7,H7001.71.71a
27811,477829700,51.957917,4.0387830000000005,2016-01-24 12:50:00,53.506517,9.938,2016-01-25 13:00:00,54505893,2016-01-25 00:28:00,71,323,43,12.00568,53.75145,6.372517,14.9,73.0,74,OOCL.SOUTHAMPTON,VRCU7,H7001.71.71a
27811,477829700,51.957917,4.0387830000000005,2016-01-24 12:50:00,53.506517,9.938,2016-01-25 13:00:00,54516483,2016-01-25 00:29:00,71,323,43,12.00568,53.75257,6.378817,14.8,73.0,74,OOCL.SOUTHAMPTON,VRCU7,H7001.71.71a
27811,477829700,51.957917,4.0387830000000005,2016-01-24 12:50:00,53.506517,9.938,2016-01-25 13:00:00,54517521,2016-01-25 00:30:00,71,323,43,12.00568,53.75365,6.3852,14.8,74.0,78,OOCL.SOUTHAMPTON,VRCU7,H7001.71.71a
27811,477829700,51.957917,4.0387830000000005,2016-01-24 12:50:00,53.506517,9.938,2016-01-25 13:00:00,54526571,2016-01-25 00:31:00,71,323,43,12.00568,53.7545,6.391833,14.9,78.0,80,OOCL.SOUTHAMPTON,VRCU7,H7001.71.71a
27811,477829700,51.957917,4.0387830000000005,2016-01-24 12:50:00,53.506517,9.938,2016-01-25 13:00:00,54531232,2016-01-25 00:32:00,71,323,43,12.00568,53.7552,6.39835,14.9,79.0,80,OOCL.SOUTHAMPTON,VRCU7,H7001.71.71a
27811,477829700,51.957917,4.0387830000000005,2016-01-24 12:50:00,53.506517,9.938,2016-01-25 13:00:00,54531777,2016-01-25 00:40:00,71,323,43,12.00568,53.76225,6.449333,14.7,76.0,79,OOCL.SOUTHAMPTON,VRCU7,H7001.71.71a
27811,477829700,51.957917,4.0387830000000005,2016-01-24 12:50:00,53.506517,9.938,2016-01-25 13:00:00,54538529,2016-01-25 00:17:00,71,323,43,12.00568,53.73883000000001,6.30135,15.2,72.0,74,OOCL.SOUTHAMPTON,VRCU7,H7001.71.71a
27811,477829700,51.957917,4.0387830000000005,2016-01-24 12:50:00,53.506517,9.938,2016-01-25 13:00:00,54545706,2016-01-25 00:18:00,71,323,43,12.00568,53.74,6.307933,15.2,73.0,74,OOCL.SOUTHAMPTON,VRCU7,H7001.71.71a
27811,477829700,51.957917,4.0387830000000005,2016-01-24 12:50:00,53.506517,9.938,2016-01-25 13:00:00,54547055,2016-01-25 00:19:00,71,323,43,12.00568,53.74112,6.3142830000000005,15.2,73.0,74,OOCL.SOUTHAMPTON,VRCU7,H7001.71.71a
27811,477829700,51.957917,4.0387830000000005,2016-01-24 12:50:00,53.506517,9.938,2016-01-25 13:00:00,54547401,2016-01-25 00:33:00,71,323,43,12.00568,53.7559,6.404767,14.8,79.0,80,OOCL.SOUTHAMPTON,VRCU7,H7001.71.71a
27811,477829700,51.957917,4.0387830000000005,2016-01-24 12:50:00,53.506517,9.938,2016-01-25 13:00:00,54550655,2016-01-25 00:20:00,71,323,43,12.00568,53.74227,6.3207,15.1,72.0,74,OOCL.SOUTHAMPTON,VRCU7,H7001.71.71a
27811,477829700,51.957917,4.0387830000000005,2016-01-24 12:50:00,53.506517,9.938,2016-01-25 13:00:00,54551751,2016-01-25 00:34:00,71,323,43,12.00568,53.75666999999999,6.411133,14.7,78.0,77,OOCL.SOUTHAMPTON,VRCU7,H7001.71.71a
27811,477829700,51.957917,4.0387830000000005,2016-01-24 12:50:00,53.506517,9.938,2016-01-25 13:00:00,54553460,2016-01-25 00:35:00,71,323,43,12.00568,53.7576,6.41765,14.6,76.0,77,OOCL.SOUTHAMPTON,VRCU7,H7001.71.71a
27811,477829700,51.957917,4.0387830000000005,2016-01-24 12:50:00,53.506517,9.938,2016-01-25 13:00:00,54558589,2016-01-25 00:36:00,71,323,43,12.00568,53.75857,6.4239169999999985,14.6,76.0,77,OOCL.SOUTHAMPTON,VRCU7,H7001.71.71a
27811,477829700,51.957917,4.0387830000000005,2016-01-24 12:50:00,53.506517,9.938,2016-01-25 13:00:00,54560198,2016-01-25 00:38:00,71,323,43,12.00568,53.75952,6.4303,14.6,76.0,77,OOCL.SOUTHAMPTON,VRCU7,H7001.71.71a
27811,477829700,51.957917,4.0387830000000005,2016-01-24 12:50:00,53.506517,9.938,2016-01-25 13:00:00,54561837,2016-01-25 00:38:00,71,323,43,12.00568,53.76045,6.4368,14.7,76.0,77,OOCL.SOUTHAMPTON,VRCU7,H7001.71.71a
27811,477829700,51.957917,4.0387830000000005,2016-01-24 12:50:00,53.506517,9.938,2016-01-25 13:00:00,54564222,2016-01-25 00:39:00,71,323,43,12.00568,53.76135,6.4430830000000014,14.7,76.0,77,OOCL.SOUTHAMPTON,VRCU7,H7001.71.71a
27813,477829700,51.957883,4.038067,2016-02-28 08:56:00,53.506367,9.9375,2016-02-29 05:24:00,98975563,2016-02-28 18:19:00,71,323,43,12.00568,53.73615,6.3060160000000005,19.9,72.0,73,OOCL.SOUTHAMPTON,VRCU7,71.71a.H7001
27813,477829700,51.957883,4.038067,2016-02-28 08:56:00,53.506367,9.9375,2016-02-29 05:24:00,98977167,2016-02-28 18:21:00,71,323,43,12.00568,53.73911999999999,6.32245,19.9,72.0,73,OOCL.SOUTHAMPTON,VRCU7,71.71a.H7001
27813,477829700,51.957883,4.038067,2016-02-28 08:56:00,53.506367,9.9375,2016-02-29 05:24:00,98977895,2016-02-28 18:22:00,71,323,43,12.00568,53.7407,6.330817,20.1,71.0,73,OOCL.SOUTHAMPTON,VRCU7,71.71a.H7001
27813,477829700,51.957883,4.038067,2016-02-28 08:56:00,53.506367,9.9375,2016-02-29 05:24:00,98978956,2016-02-28 18:23:00,71,323,43,12.00568,53.7424,6.339967,20.3,72.0,73,OOCL.SOUTHAMPTON,VRCU7,71.71a.H7001
27813,477829700,51.957883,4.038067,2016-02-28 08:56:00,53.506367,9.9375,2016-02-29 05:24:00,98979190,2016-02-28 18:24:00,71,323,43,12.00568,53.74389,6.34815,20.1,72.0,73,OOCL.SOUTHAMPTON,VRCU7,71.71a.H7001
27813,477829700,51.957883,4.038067,2016-02-28 08:56:00,53.506367,9.9375,2016-02-29 05:24:00,98980035,2016-02-28 18:25:00,71,323,43,12.00568,53.74538,6.356633,20.3,73.0,76,OOCL.SOUTHAMPTON,VRCU7,71.71a.H7001
27813,477829700,51.957883,4.038067,2016-02-28 08:56:00,53.506367,9.9375,2016-02-29 05:24:00,98980685,2016-02-28 18:26:00,71,323,43,12.00568,53.74681999999999,6.365917,20.3,75.0,75,OOCL.SOUTHAMPTON,VRCU7,71.71a.H7001
27813,477829700,51.957883,4.038067,2016-02-28 08:56:00,53.506367,9.9375,2016-02-29 05:24:00,98981871,2016-02-28 18:27:00,71,323,43,12.00568,53.74811999999999,6.37415,20.2,74.0,75,OOCL.SOUTHAMPTON,VRCU7,71.71a.H7001
27813,477829700,51.957883,4.038067,2016-02-28 08:56:00,53.506367,9.9375,2016-02-29 05:24:00,98982604,2016-02-28 18:28:00,71,323,43,12.00568,53.7495,6.382783,20.2,74.0,75,OOCL.SOUTHAMPTON,VRCU7,71.71a.H7001
27813,477829700,51.957883,4.038067,2016-02-28 08:56:00,53.506367,9.9375,2016-02-29 05:24:00,98983269,2016-02-28 18:29:00,71,323,43,12.00568,53.75097,6.3919,20.1,74.0,75,OOCL.SOUTHAMPTON,VRCU7,71.71a.H7001
27813,477829700,51.957883,4.038067,2016-02-28 08:56:00,53.506367,9.9375,2016-02-29 05:24:00,98984351,2016-02-28 18:30:00,71,323,43,12.00568,53.75233000000001,6.400483,20.2,74.0,75,OOCL.SOUTHAMPTON,VRCU7,71.71a.H7001
27813,477829700,51.957883,4.038067,2016-02-28 08:56:00,53.506367,9.9375,2016-02-29 05:24:00,98984817,2016-02-28 18:31:00,71,323,43,12.00568,53.75372,6.408933,20.2,74.0,75,OOCL.SOUTHAMPTON,VRCU7,71.71a.H7001
27813,477829700,51.957883,4.038067,2016-02-28 08:56:00,53.506367,9.9375,2016-02-29 05:24:00,98985928,2016-02-28 18:32:00,71,323,43,12.00568,53.75522,6.418083,20.3,74.0,75,OOCL.SOUTHAMPTON,VRCU7,71.71a.H7001
27813,477829700,51.957883,4.038067,2016-02-28 08:56:00,53.506367,9.9375,2016-02-29 05:24:00,98986571,2016-02-28 18:33:00,71,323,43,12.00568,53.75658000000001,6.426317,20.2,74.0,75,OOCL.SOUTHAMPTON,VRCU7,71.71a.H7001
27813,477829700,51.957883,4.038067,2016-02-28 08:56:00,53.506367,9.9375,2016-02-29 05:24:00,98987047,2016-02-28 18:34:00,71,323,43,12.00568,53.75792,6.43485,20.0,75.0,77,OOCL.SOUTHAMPTON,VRCU7,71.71a.H7001
27813,477829700,51.957883,4.038067,2016-02-28 08:56:00,53.506367,9.9375,2016-02-29 05:24:00,98988068,2016-02-28 18:35:00,71,323,43,12.00568,53.759130000000006,6.44405,19.7,77.0,77,OOCL.SOUTHAMPTON,VRCU7,71.71a.H7001
27813,477829700,51.957883,4.038067,2016-02-28 08:56:00,53.506367,9.9375,2016-02-29 05:24:00,98976179,2016-02-28 18:20:00,71,323,43,12.00568,53.73763,6.3143,19.8,73.0,74,OOCL.SOUTHAMPTON,VRCU7,71.71a.H7001
21113,210481000,51.948239,4.080591,2016-03-18 10:16:00,53.5398,9.914805,2016-03-19 07:31:00,139473601,2016-03-18 19:41:00,71,269,32,10.64235,53.73428000000001,6.302374,17.2,71.0,69,CMA.CGM.SAMBHAR,5BND2,71a.H7001
21113,210481000,51.948239,4.080591,2016-03-18 10:16:00,53.5398,9.914805,2016-03-19 07:31:00,139473925,2016-03-18 19:42:00,71,269,32,10.64235,53.73585,6.309982,17.3,71.0,69,CMA.CGM.SAMBHAR,5BND2,71a.H7001
21113,210481000,51.948239,4.080591,2016-03-18 10:16:00,53.5398,9.914805,2016-03-19 07:31:00,139476283,2016-03-18 19:43:00,71,269,32,10.64235,53.73741999999999,6.317617,17.3,71.0,70,CMA.CGM.SAMBHAR,5BND2,71a.H7001
21113,210481000,51.948239,4.080591,2016-03-18 10:16:00,53.5398,9.914805,2016-03-19 07:31:00,139477927,2016-03-18 19:44:00,71,269,32,10.64235,53.73895,6.325315,17.4,71.0,70,CMA.CGM.SAMBHAR,5BND2,71a.H7001
21113,210481000,51.948239,4.080591,2016-03-18 10:16:00,53.5398,9.914805,2016-03-19 07:31:00,139479747,2016-03-18 19:45:00,71,269,32,10.64235,53.74051,6.33305,17.5,71.0,71,CMA.CGM.SAMBHAR,5BND2,71a.H7001
21113,210481000,51.948239,4.080591,2016-03-18 10:16:00,53.5398,9.914805,2016-03-19 07:31:00,139481333,2016-03-18 19:46:00,71,269,32,10.64235,53.74202,6.340847,17.5,71.0,70,CMA.CGM.SAMBHAR,5BND2,71a.H7001
21113,210481000,51.948239,4.080591,2016-03-18 10:16:00,53.5398,9.914805,2016-03-19 07:31:00,139481979,2016-03-18 19:47:00,71,269,32,10.64235,53.74353000000001,6.348518,17.6,72.0,70,CMA.CGM.SAMBHAR,5BND2,71a.H7001
21113,210481000,51.948239,4.080591,2016-03-18 10:16:00,53.5398,9.914805,2016-03-19 07:31:00,139484459,2016-03-18 19:48:00,71,0,0,0.0,53.74505,6.356306,17.5,72.0,70,CMA.CGM.SAMBHAR,5BND2,71a.H7001
21113,210481000,51.948239,4.080591,2016-03-18 10:16:00,53.5398,9.914805,2016-03-19 07:31:00,139484879,2016-03-18 19:49:00,71,0,0,0.0,53.74658,6.364068,17.5,72.0,69,CMA.CGM.SAMBHAR,5BND2,71a.H7001
21113,210481000,51.948239,4.080591,2016-03-18 10:16:00,53.5398,9.914805,2016-03-19 07:31:00,139486319,2016-03-18 19:50:00,71,0,0,0.0,53.74814,6.371784,17.4,72.0,69,CMA.CGM.SAMBHAR,5BND2,71a.H7001
21113,210481000,51.948239,4.080591,2016-03-18 10:16:00,53.5398,9.914805,2016-03-19 07:31:00,139489142,2016-03-18 19:51:00,71,0,0,0.0,53.7497,6.379482,17.4,71.0,70,CMA.CGM.SAMBHAR,5BND2,71a.H7001
21113,210481000,51.948239,4.080591,2016-03-18 10:16:00,53.5398,9.914805,2016-03-19 07:31:00,139490345,2016-03-18 19:52:00,71,0,0,0.0,53.75123000000001,6.387216,17.4,72.0,70,CMA.CGM.SAMBHAR,5BND2,71a.H7001
21113,210481000,51.948239,4.080591,2016-03-18 10:16:00,53.5398,9.914805,2016-03-19 07:31:00,139491349,2016-03-18 19:53:00,71,0,0,0.0,53.75276,6.394986,17.5,70.0,70,CMA.CGM.SAMBHAR,5BND2,71a.H7001
21113,210481000,51.948239,4.080591,2016-03-18 10:16:00,53.5398,9.914805,2016-03-19 07:31:00,139492876,2016-03-18 19:54:00,71,0,0,0.0,53.75433,6.402747,17.6,72.0,71,CMA.CGM.SAMBHAR,5BND2,71a.H7001
21113,210481000,51.948239,4.080591,2016-03-18 10:16:00,53.5398,9.914805,2016-03-19 07:31:00,139495571,2016-03-18 19:56:00,71,0,0,0.0,53.75729000000001,6.418296,17.4,73.0,71,CMA.CGM.SAMBHAR,5BND2,71a.H7001
21113,210481000,51.948239,4.080591,2016-03-18 10:16:00,53.5398,9.914805,2016-03-19 07:31:00,139494489,2016-03-18 19:55:00,71,0,0,0.0,53.75583,6.410517,17.5,72.0,71,CMA.CGM.SAMBHAR,5BND2,71a.H7001
21113,210481000,51.948239,4.080591,2016-03-18 10:16:00,53.5398,9.914805,2016-03-19 07:31:00,139498237,2016-03-18 19:57:00,71,0,0,0.0,53.75875,6.426075,17.4,73.0,71,CMA.CGM.SAMBHAR,5BND2,71a.H7001
21113,210481000,51.948239,4.080591,2016-03-18 10:16:00,53.5398,9.914805,2016-03-19 07:31:00,139499081,2016-03-18 19:58:00,71,0,0,0.0,53.76015,6.4339900000000005,17.5,74.0,73,CMA.CGM.SAMBHAR,5BND2,71a.H7001
21113,210481000,51.948239,4.080591,2016-03-18 10:16:00,53.5398,9.914805,2016-03-19 07:31:00,139501087,2016-03-18 19:59:00,71,0,0,0.0,53.76143,6.441832,17.4,75.0,73,CMA.CGM.SAMBHAR,5BND2,71a.H7001
21113,210481000,51.948239,4.080591,2016-03-18 10:16:00,53.5398,9.914805,2016-03-19 07:31:00,139501541,2016-03-18 20:00:00,71,0,0,0.0,53.76271,6.449503,17.3,74.0,73,CMA.CGM.SAMBHAR,5BND2,71a.H7001
27817,477829700,51.957711,4.037927,2016-04-04 11:51:00,53.532515,9.913762,2016-04-05 13:56:00,173698975,2016-04-05 00:56:00,71,323,43,12.00568,53.73886,6.303579,13.6,74.0,75,OOCL.SOUTHAMPTON,VRCU7,71.71a.H7001
27817,477829700,51.957711,4.037927,2016-04-04 11:51:00,53.532515,9.913762,2016-04-05 13:56:00,173701248,2016-04-05 00:58:00,71,323,43,12.00568,53.74093000000001,6.315315,13.7,73.0,75,OOCL.SOUTHAMPTON,VRCU7,71.71a.H7001
27817,477829700,51.957711,4.037927,2016-04-04 11:51:00,53.532515,9.913762,2016-04-05 13:56:00,173705535,2016-04-05 01:01:00,71,323,43,12.00568,53.74419,6.332744,13.7,72.0,76,OOCL.SOUTHAMPTON,VRCU7,71.71a.H7001
27817,477829700,51.957711,4.037927,2016-04-04 11:51:00,53.532515,9.913762,2016-04-05 13:56:00,173708267,2016-04-05 01:03:00,71,323,43,12.00568,53.74631,6.344345,13.6,73.0,76,OOCL.SOUTHAMPTON,VRCU7,71.71a.H7001
27817,477829700,51.957711,4.037927,2016-04-04 11:51:00,53.532515,9.913762,2016-04-05 13:56:00,173700426,2016-04-05 00:57:00,71,323,43,12.00568,53.73987,6.309299,13.6,73.0,75,OOCL.SOUTHAMPTON,VRCU7,71.71a.H7001
27817,477829700,51.957711,4.037927,2016-04-04 11:51:00,53.532515,9.913762,2016-04-05 13:56:00,173707063,2016-04-05 01:02:00,71,323,43,12.00568,53.74523000000001,6.33849,13.7,73.0,76,OOCL.SOUTHAMPTON,VRCU7,71.71a.H7001
27817,477829700,51.957711,4.037927,2016-04-04 11:51:00,53.532515,9.913762,2016-04-05 13:56:00,173724838,2016-04-05 01:15:00,71,323,43,12.00568,53.75713,6.414456,13.5,77.0,80,OOCL.SOUTHAMPTON,VRCU7,71.71a.H7001
27817,477829700,51.957711,4.037927,2016-04-04 11:51:00,53.532515,9.913762,2016-04-05 13:56:00,173725271,2016-04-05 01:16:00,71,323,43,12.00568,53.75784,6.420365,13.5,77.0,80,OOCL.SOUTHAMPTON,VRCU7,71.71a.H7001
27817,477829700,51.957711,4.037927,2016-04-04 11:51:00,53.532515,9.913762,2016-04-05 13:56:00,173727169,2016-04-05 01:17:00,71,323,43,12.00568,53.75859000000001,6.426282,13.5,78.0,80,OOCL.SOUTHAMPTON,VRCU7,71.71a.H7001
27817,477829700,51.957711,4.037927,2016-04-04 11:51:00,53.532515,9.913762,2016-04-05 13:56:00,173728855,2016-04-05 01:18:00,71,323,43,12.00568,53.75998000000001,6.436985,13.4,78.0,80,OOCL.SOUTHAMPTON,VRCU7,71.71a.H7001
27817,477829700,51.957711,4.037927,2016-04-04 11:51:00,53.532515,9.913762,2016-04-05 13:56:00,173730202,2016-04-05 01:19:00,71,323,43,12.00568,53.76075,6.443172,13.4,78.0,80,OOCL.SOUTHAMPTON,VRCU7,71.71a.H7001
27817,477829700,51.957711,4.037927,2016-04-04 11:51:00,53.532515,9.913762,2016-04-05 13:56:00,173732105,2016-04-05 01:20:00,71,323,43,12.00568,53.76149,6.449035,13.5,78.0,80,OOCL.SOUTHAMPTON,VRCU7,71.71a.H7001
27817,477829700,51.957711,4.037927,2016-04-04 11:51:00,53.532515,9.913762,2016-04-05 13:56:00,173703410,2016-04-05 00:59:00,71,323,43,12.00568,53.74197,6.321008,13.7,72.0,75,OOCL.SOUTHAMPTON,VRCU7,71.71a.H7001
27817,477829700,51.957711,4.037927,2016-04-04 11:51:00,53.532515,9.913762,2016-04-05 13:56:00,173704938,2016-04-05 01:00:00,71,323,43,12.00568,53.74306,6.326827,13.7,72.0,75,OOCL.SOUTHAMPTON,VRCU7,71.71a.H7001
27817,477829700,51.957711,4.037927,2016-04-04 11:51:00,53.532515,9.913762,2016-04-05 13:56:00,173714221,2016-04-05 01:07:00,71,323,43,12.00568,53.75051,6.367557,13.5,75.0,79,OOCL.SOUTHAMPTON,VRCU7,71.71a.H7001
27817,477829700,51.957711,4.037927,2016-04-04 11:51:00,53.532515,9.913762,2016-04-05 13:56:00,173715077,2016-04-05 01:08:00,71,323,43,12.00568,53.75145,6.374382,13.4,75.0,79,OOCL.SOUTHAMPTON,VRCU7,71.71a.H7001
27817,477829700,51.957711,4.037927,2016-04-04 11:51:00,53.532515,9.913762,2016-04-05 13:56:00,173716319,2016-04-05 01:09:00,71,323,43,12.00568,53.75229,6.379869,13.4,76.0,79,OOCL.SOUTHAMPTON,VRCU7,71.71a.H7001
27817,477829700,51.957711,4.037927,2016-04-04 11:51:00,53.532515,9.913762,2016-04-05 13:56:00,173717736,2016-04-05 01:10:00,71,323,43,12.00568,53.75308,6.384887,13.4,76.0,79,OOCL.SOUTHAMPTON,VRCU7,71.71a.H7001
27817,477829700,51.957711,4.037927,2016-04-04 11:51:00,53.532515,9.913762,2016-04-05 13:56:00,173718291,2016-04-05 01:11:00,71,323,43,12.00568,53.75394,6.390939,13.5,77.0,80,OOCL.SOUTHAMPTON,VRCU7,71.71a.H7001
27817,477829700,51.957711,4.037927,2016-04-04 11:51:00,53.532515,9.913762,2016-04-05 13:56:00,173721879,2016-04-05 01:13:00,71,323,43,12.00568,53.75552,6.402639,13.5,77.0,80,OOCL.SOUTHAMPTON,VRCU7,71.71a.H7001
27817,477829700,51.957711,4.037927,2016-04-04 11:51:00,53.532515,9.913762,2016-04-05 13:56:00,173722453,2016-04-05 01:14:00,71,323,43,12.00568,53.75634,6.408638,13.5,77.0,80,OOCL.SOUTHAMPTON,VRCU7,71.71a.H7001
27817,477829700,51.957711,4.037927,2016-04-04 11:51:00,53.532515,9.913762,2016-04-05 13:56:00,173727542,2016-04-05 01:18:00,71,323,43,12.00568,53.75939,6.432182,13.4,78.0,80,OOCL.SOUTHAMPTON,VRCU7,71.71a.H7001
27817,477829700,51.957711,4.037927,2016-04-04 11:51:00,53.532515,9.913762,2016-04-05 13:56:00,173720222,2016-04-05 01:12:00,71,323,43,12.00568,53.7547,6.396739,13.5,77.0,80,OOCL.SOUTHAMPTON,VRCU7,71.71a.H7001
27817,477829700,51.957711,4.037927,2016-04-04 11:51:00,53.532515,9.913762,2016-04-05 13:56:00,173709688,2016-04-05 01:04:00,71,323,43,12.00568,53.74738000000001,6.350245,13.6,73.0,76,OOCL.SOUTHAMPTON,VRCU7,71.71a.H7001
27817,477829700,51.957711,4.037927,2016-04-04 11:51:00,53.532515,9.913762,2016-04-05 13:56:00,173710432,2016-04-05 01:05:00,71,323,43,12.00568,53.74842,6.355928,13.5,73.0,76,OOCL.SOUTHAMPTON,VRCU7,71.71a.H7001
27817,477829700,51.957711,4.037927,2016-04-04 11:51:00,53.532515,9.913762,2016-04-05 13:56:00,173712118,2016-04-05 01:06:00,71,323,43,12.00568,53.74949,6.361693,13.5,73.0,76,OOCL.SOUTHAMPTON,VRCU7,71.71a.H7001
25104,229620000,51.955899,4.079098,2016-04-11 02:16:00,53.53408100000001,9.904355,2016-04-11 21:39:00,188205546,2016-04-11 11:55:00,71,300,48,10.18412,53.73338,6.301493,16.3,73.0,72,MSC.AZOV,9HA3457,71.71a.H7001
25104,229620000,51.955899,4.079098,2016-04-11 02:16:00,53.53408100000001,9.904355,2016-04-11 21:39:00,188206949,2016-04-11 11:56:00,71,300,48,10.18412,53.73472,6.30875,16.3,72.5,72,MSC.AZOV,9HA3457,71.71a.H7001
25104,229620000,51.955899,4.079098,2016-04-11 02:16:00,53.53408100000001,9.904355,2016-04-11 21:39:00,188223958,2016-04-11 12:05:00,71,300,48,10.18412,53.74698000000001,6.374651999999998,16.4,73.8,72,MSC.AZOV,9HA3457,71.71a.H7001
25104,229620000,51.955899,4.079098,2016-04-11 02:16:00,53.53408100000001,9.904355,2016-04-11 21:39:00,188224917,2016-04-11 12:06:00,71,300,48,10.18412,53.74837,6.381946,16.4,73.2,74,MSC.AZOV,9HA3457,71.71a.H7001
25104,229620000,51.955899,4.079098,2016-04-11 02:16:00,53.53408100000001,9.904355,2016-04-11 21:39:00,188226471,2016-04-11 12:07:00,71,300,48,10.18412,53.74958,6.389392,16.5,75.3,75,MSC.AZOV,9HA3457,71.71a.H7001
25104,229620000,51.955899,4.079098,2016-04-11 02:16:00,53.53408100000001,9.904355,2016-04-11 21:39:00,188231819,2016-04-11 12:10:00,71,300,48,10.18412,53.75291,6.411929,16.4,77.1,75,MSC.AZOV,9HA3457,71.71a.H7001
25104,229620000,51.955899,4.079098,2016-04-11 02:16:00,53.53408100000001,9.904355,2016-04-11 21:39:00,188236710,2016-04-11 12:12:00,71,300,48,10.18412,53.75513,6.426966,16.9,75.5,75,MSC.AZOV,9HA3457,71.71a.H7001
25104,229620000,51.955899,4.079098,2016-04-11 02:16:00,53.53408100000001,9.904355,2016-04-11 21:39:00,188240038,2016-04-11 12:14:00,71,300,48,10.18412,53.7574,6.442371,17.0,76.3,75,MSC.AZOV,9HA3457,71.71a.H7001
25104,229620000,51.955899,4.079098,2016-04-11 02:16:00,53.53408100000001,9.904355,2016-04-11 21:39:00,188242395,2016-04-11 12:15:00,71,300,48,10.18412,53.75838,6.448711,17.1,76.0,75,MSC.AZOV,9HA3457,71.71a.H7001
25104,229620000,51.955899,4.079098,2016-04-11 02:16:00,53.53408100000001,9.904355,2016-04-11 21:39:00,188238787,2016-04-11 12:13:00,71,300,48,10.18412,53.75628,6.4347900000000005,17.0,75.5,75,MSC.AZOV,9HA3457,71.71a.H7001
25104,229620000,51.955899,4.079098,2016-04-11 02:16:00,53.53408100000001,9.904355,2016-04-11 21:39:00,188212392,2016-04-11 11:59:00,71,300,48,10.18412,53.73882,6.330513,16.4,72.1,72,MSC.AZOV,9HA3457,71.71a.H7001
25104,229620000,51.955899,4.079098,2016-04-11 02:16:00,53.53408100000001,9.904355,2016-04-11 21:39:00,188214357,2016-04-11 12:00:00,71,300,48,10.18412,53.74022,6.33796,16.4,73.3,72,MSC.AZOV,9HA3457,71.71a.H7001
25104,229620000,51.955899,4.079098,2016-04-11 02:16:00,53.53408100000001,9.904355,2016-04-11 21:39:00,188216233,2016-04-11 12:01:00,71,300,48,10.18412,53.74157,6.345325,16.5,71.5,72,MSC.AZOV,9HA3457,71.71a.H7001
25104,229620000,51.955899,4.079098,2016-04-11 02:16:00,53.53408100000001,9.904355,2016-04-11 21:39:00,188218263,2016-04-11 12:02:00,71,300,48,10.18412,53.74292,6.352565,16.5,72.8,72,MSC.AZOV,9HA3457,71.71a.H7001
25104,229620000,51.955899,4.079098,2016-04-11 02:16:00,53.53408100000001,9.904355,2016-04-11 21:39:00,188219832,2016-04-11 12:03:00,71,300,48,10.18412,53.74432,6.36002,16.4,72.4,72,MSC.AZOV,9HA3457,71.71a.H7001
25104,229620000,51.955899,4.079098,2016-04-11 02:16:00,53.53408100000001,9.904355,2016-04-11 21:39:00,188229618,2016-04-11 12:08:00,71,300,48,10.18412,53.75074,6.396865,16.5,76.4,75,MSC.AZOV,9HA3457,71.71a.H7001
25104,229620000,51.955899,4.079098,2016-04-11 02:16:00,53.53408100000001,9.904355,2016-04-11 21:39:00,188230176,2016-04-11 12:09:00,71,300,48,10.18412,53.75182,6.404312,16.5,76.1,75,MSC.AZOV,9HA3457,71.71a.H7001
25104,229620000,51.955899,4.079098,2016-04-11 02:16:00,53.53408100000001,9.904355,2016-04-11 21:39:00,188235178,2016-04-11 12:11:00,71,300,48,10.18412,53.75399,6.419331,16.7,75.1,75,MSC.AZOV,9HA3457,71.71a.H7001
25104,229620000,51.955899,4.079098,2016-04-11 02:16:00,53.53408100000001,9.904355,2016-04-11 21:39:00,188209466,2016-04-11 11:57:00,71,300,48,10.18412,53.73606,6.315945,16.3,73.8,72,MSC.AZOV,9HA3457,71.71a.H7001
25104,229620000,51.955899,4.079098,2016-04-11 02:16:00,53.53408100000001,9.904355,2016-04-11 21:39:00,188209893,2016-04-11 11:58:00,71,300,48,10.18412,53.73746,6.323337,16.4,73.2,72,MSC.AZOV,9HA3457,71.71a.H7001
25104,229620000,51.955899,4.079098,2016-04-11 02:16:00,53.53408100000001,9.904355,2016-04-11 21:39:00,188221887,2016-04-11 12:04:00,71,300,48,10.18412,53.74562,6.367296,16.5,73.0,72,MSC.AZOV,9HA3457,71.71a.H7001
21118,210481000,51.948239,4.055949,2016-05-12 18:04:00,53.539886,9.913942,2016-05-13 13:18:00,294288778,2016-05-13 03:22:00,71,269,32,10.64235,53.76626,6.41791,20.2,78.0,78,CMA.CGM.SAMBHAR,5BND2,71a.H7001
21118,210481000,51.948239,4.055949,2016-05-12 18:04:00,53.539886,9.913942,2016-05-13 13:18:00,294199441,2016-05-13 03:10:00,71,269,32,10.64235,53.74791999999999,6.307266,20.3,70.0,71,CMA.CGM.SAMBHAR,5BND2,71a.H7001
21118,210481000,51.948239,4.055949,2016-05-12 18:04:00,53.539886,9.913942,2016-05-13 13:18:00,294201748,2016-05-13 03:11:00,71,269,32,10.64235,53.74981,6.316259,20.4,71.0,71,CMA.CGM.SAMBHAR,5BND2,71a.H7001
21118,210481000,51.948239,4.055949,2016-05-12 18:04:00,53.539886,9.913942,2016-05-13 13:18:00,294213173,2016-05-13 03:12:00,71,269,32,10.64235,53.75165,6.3253059999999985,20.5,72.0,73,CMA.CGM.SAMBHAR,5BND2,71a.H7001
21118,210481000,51.948239,4.055949,2016-05-12 18:04:00,53.539886,9.913942,2016-05-13 13:18:00,294218736,2016-05-13 03:13:00,71,269,32,10.64235,53.75334,6.334489,20.5,73.0,73,CMA.CGM.SAMBHAR,5BND2,71a.H7001
21118,210481000,51.948239,4.055949,2016-05-12 18:04:00,53.539886,9.913942,2016-05-13 13:18:00,294229344,2016-05-13 03:14:00,71,269,32,10.64235,53.75499,6.343687999999998,20.5,74.0,74,CMA.CGM.SAMBHAR,5BND2,71a.H7001
21118,210481000,51.948239,4.055949,2016-05-12 18:04:00,53.539886,9.913942,2016-05-13 13:18:00,294237659,2016-05-13 03:16:00,71,269,32,10.64235,53.75671,6.353733999999998,20.5,75.0,75,CMA.CGM.SAMBHAR,5BND2,71a.H7001
21118,210481000,51.948239,4.055949,2016-05-12 18:04:00,53.539886,9.913942,2016-05-13 13:18:00,294244544,2016-05-13 03:16:00,71,269,32,10.64235,53.75804,6.362206,20.6,75.0,75,CMA.CGM.SAMBHAR,5BND2,71a.H7001
21118,210481000,51.948239,4.055949,2016-05-12 18:04:00,53.539886,9.913942,2016-05-13 13:18:00,294246926,2016-05-13 03:17:00,71,269,32,10.64235,53.75953000000001,6.371505,20.6,75.0,75,CMA.CGM.SAMBHAR,5BND2,71a.H7001
21118,210481000,51.948239,4.055949,2016-05-12 18:04:00,53.539886,9.913942,2016-05-13 13:18:00,294257743,2016-05-13 03:19:00,71,269,32,10.64235,53.76105,6.381558999999998,20.5,75.0,76,CMA.CGM.SAMBHAR,5BND2,71a.H7001
21118,210481000,51.948239,4.055949,2016-05-12 18:04:00,53.539886,9.913942,2016-05-13 13:18:00,294273665,2016-05-13 03:20:00,71,269,32,10.64235,53.76256,6.390894,20.5,76.0,77,CMA.CGM.SAMBHAR,5BND2,71a.H7001
21118,210481000,51.948239,4.055949,2016-05-12 18:04:00,53.539886,9.913942,2016-05-13 13:18:00,294278105,2016-05-13 03:21:00,71,269,32,10.64235,53.76389,6.400229,20.4,76.0,77,CMA.CGM.SAMBHAR,5BND2,71a.H7001
21118,210481000,51.948239,4.055949,2016-05-12 18:04:00,53.539886,9.913942,2016-05-13 13:18:00,294318585,2016-05-13 03:23:00,71,269,32,10.64235,53.76743,6.427155,20.2,78.0,78,CMA.CGM.SAMBHAR,5BND2,71a.H7001
21118,210481000,51.948239,4.055949,2016-05-12 18:04:00,53.539886,9.913942,2016-05-13 13:18:00,294282185,2016-05-13 03:21:00,71,269,32,10.64235,53.76505,6.408647,20.3,77.0,78,CMA.CGM.SAMBHAR,5BND2,71a.H7001
21118,210481000,51.948239,4.055949,2016-05-12 18:04:00,53.539886,9.913942,2016-05-13 13:18:00,294341332,2016-05-13 03:25:00,71,269,32,10.64235,53.76971,6.44569,20.3,79.0,78,CMA.CGM.SAMBHAR,5BND2,71a.H7001
21118,210481000,51.948239,4.055949,2016-05-12 18:04:00,53.539886,9.913942,2016-05-13 13:18:00,294332737,2016-05-13 03:24:00,71,269,32,10.64235,53.76859,6.436391,20.3,78.0,78,CMA.CGM.SAMBHAR,5BND2,71a.H7001
25112,229620000,51.959722,4.060654,2016-06-05 23:44:00,53.53447,9.903362,2016-06-06 21:58:00,312167087,2016-06-06 10:52:00,71,300,48,9.706301,53.734730000000006,6.304709,17.2,71.4,71,MSC.AZOV,9HA3457,71a.H7001.81b
25112,229620000,51.959722,4.060654,2016-06-05 23:44:00,53.53447,9.903362,2016-06-06 21:58:00,312180036,2016-06-06 11:01:00,71,300,48,9.706301,53.74755,6.372653,17.4,72.0,71,MSC.AZOV,9HA3457,71a.H7001.81b
25112,229620000,51.959722,4.060654,2016-06-05 23:44:00,53.53447,9.903362,2016-06-06 21:58:00,312185766,2016-06-06 11:07:00,71,300,48,9.706301,53.754430000000006,6.418406,17.5,75.1,75,MSC.AZOV,9HA3457,71a.H7001.81b
25112,229620000,51.959722,4.060654,2016-06-05 23:44:00,53.53447,9.903362,2016-06-06 21:58:00,312191827,2016-06-06 11:10:00,71,300,48,9.706301,53.75792,6.441475,17.4,73.2,73,MSC.AZOV,9HA3457,71a.H7001.81b
25112,229620000,51.959722,4.060654,2016-06-05 23:44:00,53.53447,9.903362,2016-06-06 21:58:00,312169882,2016-06-06 10:55:00,71,300,48,9.706301,53.73901,6.32721,17.3,72.4,71,MSC.AZOV,9HA3457,71a.H7001.81b
25112,229620000,51.959722,4.060654,2016-06-05 23:44:00,53.53447,9.903362,2016-06-06 21:58:00,312174876,2016-06-06 10:58:00,71,300,48,9.706301,53.74331,6.349891,17.4,73.3,71,MSC.AZOV,9HA3457,71a.H7001.81b
25112,229620000,51.959722,4.060654,2016-06-05 23:44:00,53.53447,9.903362,2016-06-06 21:58:00,312181488,2016-06-06 11:04:00,71,300,48,9.706301,53.75108,6.395194,17.5,76.0,75,MSC.AZOV,9HA3457,71a.H7001.81b
21123,210481000,52.036335,3.945712,2016-07-06 20:58:00,53.539739,9.908344,2016-07-07 21:19:00,353659325,2016-07-07 09:18:00,71,269,32,9.638281,53.73803,6.304426,12.7,67.0,64,CMA.CGM.SAMBHAR,5BND2,71a
21123,210481000,52.036335,3.945712,2016-07-06 20:58:00,53.539739,9.908344,2016-07-07 21:19:00,353659729,2016-07-07 09:19:00,71,269,32,9.638281,53.73938,6.310074,12.8,68.0,64,CMA.CGM.SAMBHAR,5BND2,71a
21123,210481000,52.036335,3.945712,2016-07-06 20:58:00,53.539739,9.908344,2016-07-07 21:19:00,353660456,2016-07-07 09:21:00,71,269,32,9.638281,53.74188,6.320099,12.9,68.0,65,CMA.CGM.SAMBHAR,5BND2,71a
21123,210481000,52.036335,3.945712,2016-07-06 20:58:00,53.539739,9.908344,2016-07-07 21:19:00,353660684,2016-07-07 09:22:00,71,269,32,9.638281,53.74291,6.324895,12.9,69.0,64,CMA.CGM.SAMBHAR,5BND2,71a
21123,210481000,52.036335,3.945712,2016-07-06 20:58:00,53.539739,9.908344,2016-07-07 21:19:00,353661407,2016-07-07 09:23:00,71,269,32,9.638281,53.74466999999999,6.33281,13.1,72.0,72,CMA.CGM.SAMBHAR,5BND2,71a
21123,210481000,52.036335,3.945712,2016-07-06 20:58:00,53.539739,9.908344,2016-07-07 21:19:00,353661604,2016-07-07 09:24:00,71,269,32,9.638281,53.74549,6.338486,13.1,77.0,74,CMA.CGM.SAMBHAR,5BND2,71a
21123,210481000,52.036335,3.945712,2016-07-06 20:58:00,53.539739,9.908344,2016-07-07 21:19:00,353661959,2016-07-07 09:25:00,71,269,32,9.638281,53.74632,6.344484,13.0,77.0,74,CMA.CGM.SAMBHAR,5BND2,71a
21123,210481000,52.036335,3.945712,2016-07-06 20:58:00,53.539739,9.908344,2016-07-07 21:19:00,353662410,2016-07-07 09:26:00,71,269,32,9.638281,53.74716,6.350321,12.9,77.0,74,CMA.CGM.SAMBHAR,5BND2,71a
21123,210481000,52.036335,3.945712,2016-07-06 20:58:00,53.539739,9.908344,2016-07-07 21:19:00,353662826,2016-07-07 09:27:00,71,269,32,9.638281,53.74799,6.355987,12.9,77.0,74,CMA.CGM.SAMBHAR,5BND2,71a
21123,210481000,52.036335,3.945712,2016-07-06 20:58:00,53.539739,9.908344,2016-07-07 21:19:00,353665921,2016-07-07 09:28:00,71,269,32,9.638281,53.74866,6.361814,12.8,78.0,74,CMA.CGM.SAMBHAR,5BND2,71a.H7001
21123,210481000,52.036335,3.945712,2016-07-06 20:58:00,53.539739,9.908344,2016-07-07 21:19:00,353667585,2016-07-07 09:29:00,71,269,32,9.638281,53.74949,6.367651,12.7,78.0,74,CMA.CGM.SAMBHAR,5BND2,71a.H7001
21123,210481000,52.036335,3.945712,2016-07-06 20:58:00,53.539739,9.908344,2016-07-07 21:19:00,353669708,2016-07-07 09:30:00,71,269,32,9.638281,53.75016,6.372822,12.8,76.0,74,CMA.CGM.SAMBHAR,5BND2,71a.H7001
21123,210481000,52.036335,3.945712,2016-07-06 20:58:00,53.539739,9.908344,2016-07-07 21:19:00,353671715,2016-07-07 09:31:00,71,269,32,9.638281,53.75099,6.378649,12.8,77.0,74,CMA.CGM.SAMBHAR,5BND2,71a.H7001
21123,210481000,52.036335,3.945712,2016-07-06 20:58:00,53.539739,9.908344,2016-07-07 21:19:00,353672876,2016-07-07 09:32:00,71,269,32,9.638281,53.75183000000001,6.384486,12.8,77.0,74,CMA.CGM.SAMBHAR,5BND2,71a.H7001
21123,210481000,52.036335,3.945712,2016-07-06 20:58:00,53.539739,9.908344,2016-07-07 21:19:00,353674988,2016-07-07 09:33:00,71,269,32,9.638281,53.75249,6.390323,12.8,77.0,74,CMA.CGM.SAMBHAR,5BND2,71a.H7001
21123,210481000,52.036335,3.945712,2016-07-06 20:58:00,53.539739,9.908344,2016-07-07 21:19:00,353675541,2016-07-07 09:34:00,71,269,32,9.638281,53.75332,6.396155,12.8,78.0,75,CMA.CGM.SAMBHAR,5BND2,71a.H7001
21123,210481000,52.036335,3.945712,2016-07-06 20:58:00,53.539739,9.908344,2016-07-07 21:19:00,353682032,2016-07-07 09:37:00,71,269,32,9.638281,53.75561999999999,6.413588,12.8,77.0,74,CMA.CGM.SAMBHAR,5BND2,71a.H7001
21123,210481000,52.036335,3.945712,2016-07-06 20:58:00,53.539739,9.908344,2016-07-07 21:19:00,353684357,2016-07-07 09:38:00,71,269,32,9.638281,53.75639,6.419375,12.7,77.0,75,CMA.CGM.SAMBHAR,5BND2,71a.H7001
21123,210481000,52.036335,3.945712,2016-07-06 20:58:00,53.539739,9.908344,2016-07-07 21:19:00,353685920,2016-07-07 09:39:00,71,269,32,9.638281,53.75715,6.425131,12.5,77.0,75,CMA.CGM.SAMBHAR,5BND2,71a.H7001
21123,210481000,52.036335,3.945712,2016-07-06 20:58:00,53.539739,9.908344,2016-07-07 21:19:00,353687796,2016-07-07 09:40:00,71,269,32,9.638281,53.7579,6.430837,12.5,78.0,74,CMA.CGM.SAMBHAR,5BND2,71a.H7001
21123,210481000,52.036335,3.945712,2016-07-06 20:58:00,53.539739,9.908344,2016-07-07 21:19:00,353690302,2016-07-07 09:41:00,71,269,32,9.638281,53.75868000000001,6.436485,12.4,76.0,74,CMA.CGM.SAMBHAR,5BND2,71a.H7001
21123,210481000,52.036335,3.945712,2016-07-06 20:58:00,53.539739,9.908344,2016-07-07 21:19:00,353659995,2016-07-07 09:20:00,71,269,32,9.638281,53.74039000000001,6.314598,12.9,68.0,64,CMA.CGM.SAMBHAR,5BND2,71a
21123,210481000,52.036335,3.945712,2016-07-06 20:58:00,53.539739,9.908344,2016-07-07 21:19:00,353678091,2016-07-07 09:35:00,71,269,32,9.638281,53.75404,6.4019059999999985,12.8,77.0,74,CMA.CGM.SAMBHAR,5BND2,71a.H7001
21123,210481000,52.036335,3.945712,2016-07-06 20:58:00,53.539739,9.908344,2016-07-07 21:19:00,353679182,2016-07-07 09:36:00,71,269,32,9.638281,53.75496999999999,6.408822,12.8,77.0,74,CMA.CGM.SAMBHAR,5BND2,71a.H7001
21123,210481000,52.036335,3.945712,2016-07-06 20:58:00,53.539739,9.908344,2016-07-07 21:19:00,353694273,2016-07-07 09:43:00,71,269,32,9.638281,53.76031,6.448486,12.2,77.0,75,CMA.CGM.SAMBHAR,5BND2,71a.H7001
21123,210481000,52.036335,3.945712,2016-07-06 20:58:00,53.539739,9.908344,2016-07-07 21:19:00,353692560,2016-07-07 09:42:00,71,269,32,9.638281,53.75949,6.441989,12.3,77.0,74,CMA.CGM.SAMBHAR,5BND2,71a.H7001
21109,210481000,51.947763,4.0515550000000005,2016-01-21 04:32:00,53.539765,9.914097,2016-01-22 06:04:00,40229989,2016-01-21 18:20:00,71,269,32,10.642000000000001,53.74601,6.30122,15.1,70.0,69,CMA.CGM.SAMBHAR,5BND2,H7001.71.71a
21109,210481000,51.947763,4.0515550000000005,2016-01-21 04:32:00,53.539765,9.914097,2016-01-22 06:04:00,40232163,2016-01-21 18:21:00,71,269,32,10.642000000000001,53.74745,6.30789,15.2,70.0,70,CMA.CGM.SAMBHAR,5BND2,H7001.71.71a
21109,210481000,51.947763,4.0515550000000005,2016-01-21 04:32:00,53.539765,9.914097,2016-01-22 06:04:00,40232487,2016-01-21 18:22:00,71,269,32,10.642000000000001,53.7488,6.31463,15.2,74.0,76,CMA.CGM.SAMBHAR,5BND2,H7001.71.71a
21109,210481000,51.947763,4.0515550000000005,2016-01-21 04:32:00,53.539765,9.914097,2016-01-22 06:04:00,40234304,2016-01-21 18:23:00,71,269,32,10.642000000000001,53.74981999999999,6.32151,15.1,77.0,77,CMA.CGM.SAMBHAR,5BND2,H7001.71.71a
21109,210481000,51.947763,4.0515550000000005,2016-01-21 04:32:00,53.539765,9.914097,2016-01-22 06:04:00,40235451,2016-01-21 18:24:00,71,269,32,10.642000000000001,53.75075,6.328402,15.0,78.0,77,CMA.CGM.SAMBHAR,5BND2,H7001.71.71a
21109,210481000,51.947763,4.0515550000000005,2016-01-21 04:32:00,53.539765,9.914097,2016-01-22 06:04:00,40235977,2016-01-21 18:25:00,71,269,32,10.642000000000001,53.75167,6.335292,15.1,78.0,77,CMA.CGM.SAMBHAR,5BND2,H7001.71.71a
21109,210481000,51.947763,4.0515550000000005,2016-01-21 04:32:00,53.539765,9.914097,2016-01-22 06:04:00,40238015,2016-01-21 18:26:00,71,269,32,10.642000000000001,53.7526,6.342158,15.1,77.0,76,CMA.CGM.SAMBHAR,5BND2,H7001.71.71a
21109,210481000,51.947763,4.0515550000000005,2016-01-21 04:32:00,53.539765,9.914097,2016-01-22 06:04:00,40238668,2016-01-21 18:27:00,71,269,32,10.642000000000001,53.75358000000001,6.3490129999999985,15.1,76.0,76,CMA.CGM.SAMBHAR,5BND2,H7001.71.71a
21109,210481000,51.947763,4.0515550000000005,2016-01-21 04:32:00,53.539765,9.914097,2016-01-22 06:04:00,40239648,2016-01-21 18:28:00,71,269,32,10.642000000000001,53.75456,6.355876,15.1,76.0,76,CMA.CGM.SAMBHAR,5BND2,H7001.71.71a
21109,210481000,51.947763,4.0515550000000005,2016-01-21 04:32:00,53.539765,9.914097,2016-01-22 06:04:00,40241783,2016-01-21 18:29:00,71,269,32,10.642000000000001,53.75554,6.362737,15.1,77.0,76,CMA.CGM.SAMBHAR,5BND2,H7001.71.71a
21109,210481000,51.947763,4.0515550000000005,2016-01-21 04:32:00,53.539765,9.914097,2016-01-22 06:04:00,40242960,2016-01-21 18:30:00,71,269,32,10.642000000000001,53.75652,6.3696,15.1,76.0,76,CMA.CGM.SAMBHAR,5BND2,H7001.71.71a
21109,210481000,51.947763,4.0515550000000005,2016-01-21 04:32:00,53.539765,9.914097,2016-01-22 06:04:00,40244051,2016-01-21 18:31:00,71,269,32,10.642000000000001,53.75748000000001,6.376478,15.1,77.0,76,CMA.CGM.SAMBHAR,5BND2,H7001.71.71a
21109,210481000,51.947763,4.0515550000000005,2016-01-21 04:32:00,53.539765,9.914097,2016-01-22 06:04:00,40245198,2016-01-21 18:32:00,71,269,32,10.642000000000001,53.75845,6.383365,15.1,77.0,76,CMA.CGM.SAMBHAR,5BND2,H7001.71.71a
21109,210481000,51.947763,4.0515550000000005,2016-01-21 04:32:00,53.539765,9.914097,2016-01-22 06:04:00,40246105,2016-01-21 18:33:00,71,269,32,10.642000000000001,53.75941,6.390254,15.1,77.0,76,CMA.CGM.SAMBHAR,5BND2,H7001.71.71a
21109,210481000,51.947763,4.0515550000000005,2016-01-21 04:32:00,53.539765,9.914097,2016-01-22 06:04:00,40246494,2016-01-21 18:34:00,71,269,32,10.642000000000001,53.76039,6.397163,15.1,77.0,76,CMA.CGM.SAMBHAR,5BND2,H7001.71.71a
21109,210481000,51.947763,4.0515550000000005,2016-01-21 04:32:00,53.539765,9.914097,2016-01-22 06:04:00,40248478,2016-01-21 18:35:00,71,269,32,10.642000000000001,53.76136999999999,6.404048,15.1,77.0,76,CMA.CGM.SAMBHAR,5BND2,H7001.71.71a
21109,210481000,51.947763,4.0515550000000005,2016-01-21 04:32:00,53.539765,9.914097,2016-01-22 06:04:00,40249922,2016-01-21 18:36:00,71,269,32,10.642000000000001,53.76234,6.410925,15.2,76.0,76,CMA.CGM.SAMBHAR,5BND2,H7001.71.71a
21109,210481000,51.947763,4.0515550000000005,2016-01-21 04:32:00,53.539765,9.914097,2016-01-22 06:04:00,40250995,2016-01-21 18:37:00,71,269,32,10.642000000000001,53.76331999999999,6.417813,15.1,77.0,76,CMA.CGM.SAMBHAR,5BND2,H7001.71.71a
21109,210481000,51.947763,4.0515550000000005,2016-01-21 04:32:00,53.539765,9.914097,2016-01-22 06:04:00,40251403,2016-01-21 18:38:00,71,269,32,10.642000000000001,53.7643,6.424703,15.2,76.0,76,CMA.CGM.SAMBHAR,5BND2,H7001.71.71a
21109,210481000,51.947763,4.0515550000000005,2016-01-21 04:32:00,53.539765,9.914097,2016-01-22 06:04:00,40252946,2016-01-21 18:39:00,71,269,32,10.642000000000001,53.76526,6.43161,15.2,77.0,77,CMA.CGM.SAMBHAR,5BND2,H7001.71.71a
21109,210481000,51.947763,4.0515550000000005,2016-01-21 04:32:00,53.539765,9.914097,2016-01-22 06:04:00,40253740,2016-01-21 18:40:00,71,269,32,10.642000000000001,53.76617,6.4385,15.2,77.0,76,CMA.CGM.SAMBHAR,5BND2,H7001.71.71a
21109,210481000,51.947763,4.0515550000000005,2016-01-21 04:32:00,53.539765,9.914097,2016-01-22 06:04:00,40255579,2016-01-21 18:41:00,71,269,32,10.642000000000001,53.76716999999999,6.445333,15.2,77.0,76,CMA.CGM.SAMBHAR,5BND2,H7001.71.71a
457,373202000,51.894572,4.4436550000000015,2016-02-12 15:03:00,53.535772,9.986082,2016-02-13 16:38:00,78812935,2016-02-13 03:16:00,71,145,25,10.642000000000001,53.73987,6.301372,13.2,79.0,80,IMARI,3EZI9,H7001.71.71a
457,373202000,51.894572,4.4436550000000015,2016-02-12 15:03:00,53.535772,9.986082,2016-02-13 16:38:00,78817489,2016-02-13 03:17:00,71,145,25,10.642000000000001,53.74057,6.3075230000000015,13.2,79.3,80,IMARI,3EZI9,H7001.71.71a
457,373202000,51.894572,4.4436550000000015,2016-02-12 15:03:00,53.535772,9.986082,2016-02-13 16:38:00,78820007,2016-02-13 03:18:00,71,145,25,10.642000000000001,53.74126,6.313488,13.2,79.8,80,IMARI,3EZI9,H7001.71.71a
457,373202000,51.894572,4.4436550000000015,2016-02-12 15:03:00,53.535772,9.986082,2016-02-13 16:38:00,78820258,2016-02-13 03:19:00,71,145,25,10.642000000000001,53.74198000000001,6.319522,13.1,78.4,80,IMARI,3EZI9,H7001.71.71a
457,373202000,51.894572,4.4436550000000015,2016-02-12 15:03:00,53.535772,9.986082,2016-02-13 16:38:00,78821000,2016-02-13 03:20:00,71,145,25,10.642000000000001,53.74268000000001,6.32555,13.1,78.6,80,IMARI,3EZI9,H7001.71.71a
457,373202000,51.894572,4.4436550000000015,2016-02-12 15:03:00,53.535772,9.986082,2016-02-13 16:38:00,78821850,2016-02-13 03:21:00,71,145,25,10.642000000000001,53.74338,6.331585,13.2,79.7,80,IMARI,3EZI9,H7001.71.71a
457,373202000,51.894572,4.4436550000000015,2016-02-12 15:03:00,53.535772,9.986082,2016-02-13 16:38:00,78822653,2016-02-13 03:22:00,71,145,25,10.642000000000001,53.74409,6.337625,13.2,78.7,80,IMARI,3EZI9,H7001.71.71a
457,373202000,51.894572,4.4436550000000015,2016-02-12 15:03:00,53.535772,9.986082,2016-02-13 16:38:00,78823351,2016-02-13 03:23:00,71,145,25,10.642000000000001,53.74481,6.343672,13.2,78.6,80,IMARI,3EZI9,H7001.71.71a
457,373202000,51.894572,4.4436550000000015,2016-02-12 15:03:00,53.535772,9.986082,2016-02-13 16:38:00,78824485,2016-02-13 03:24:00,71,145,25,10.642000000000001,53.74549,6.349721,13.2,78.9,81,IMARI,3EZI9,H7001.71.71a
457,373202000,51.894572,4.4436550000000015,2016-02-12 15:03:00,53.535772,9.986082,2016-02-13 16:38:00,78825245,2016-02-13 03:25:00,71,145,25,10.642000000000001,53.74616999999999,6.355768,13.2,79.3,80,IMARI,3EZI9,H7001.71.71a
457,373202000,51.894572,4.4436550000000015,2016-02-12 15:03:00,53.535772,9.986082,2016-02-13 16:38:00,78825938,2016-02-13 03:26:00,71,145,25,10.642000000000001,53.74691,6.361697,13.1,78.6,80,IMARI,3EZI9,H7001.71.71a
457,373202000,51.894572,4.4436550000000015,2016-02-12 15:03:00,53.535772,9.986082,2016-02-13 16:38:00,78826908,2016-02-13 03:27:00,71,145,25,10.642000000000001,53.74765,6.367713,13.1,79.0,80,IMARI,3EZI9,H7001.71.71a
457,373202000,51.894572,4.4436550000000015,2016-02-12 15:03:00,53.535772,9.986082,2016-02-13 16:38:00,78828112,2016-02-13 03:28:00,71,145,25,10.642000000000001,53.74831999999999,6.373732,13.1,81.4,84,IMARI,3EZI9,H7001.71.71a
457,373202000,51.894572,4.4436550000000015,2016-02-12 15:03:00,53.535772,9.986082,2016-02-13 16:38:00,78828763,2016-02-13 03:29:00,71,145,25,10.642000000000001,53.74876,6.379813,13.1,83.6,85,IMARI,3EZI9,H7001.71.71a
457,373202000,51.894572,4.4436550000000015,2016-02-12 15:03:00,53.535772,9.986082,2016-02-13 16:38:00,78829424,2016-02-13 03:30:00,71,145,25,10.642000000000001,53.74916,6.385978,13.1,84.5,85,IMARI,3EZI9,H7001.71.71a
457,373202000,51.894572,4.4436550000000015,2016-02-12 15:03:00,53.535772,9.986082,2016-02-13 16:38:00,78830114,2016-02-13 03:31:00,71,145,25,10.642000000000001,53.74952,6.39195,13.1,83.8,85,IMARI,3EZI9,H7001.71.71a
457,373202000,51.894572,4.4436550000000015,2016-02-12 15:03:00,53.535772,9.986082,2016-02-13 16:38:00,78831346,2016-02-13 03:32:00,71,145,25,10.642000000000001,53.74994,6.39801,13.1,83.1,85,IMARI,3EZI9,H7001.71.71a
457,373202000,51.894572,4.4436550000000015,2016-02-12 15:03:00,53.535772,9.986082,2016-02-13 16:38:00,78831827,2016-02-13 03:33:00,71,145,25,10.642000000000001,53.75037,6.404207,13.1,84.2,85,IMARI,3EZI9,H7001.71.71a
457,373202000,51.894572,4.4436550000000015,2016-02-12 15:03:00,53.535772,9.986082,2016-02-13 16:38:00,78833090,2016-02-13 03:34:00,71,145,25,10.642000000000001,53.75075,6.4101599999999985,13.1,83.2,85,IMARI,3EZI9,H7001.71.71a
457,373202000,51.894572,4.4436550000000015,2016-02-12 15:03:00,53.535772,9.986082,2016-02-13 16:38:00,78833260,2016-02-13 03:35:00,71,145,25,10.642000000000001,53.75116,6.416333,13.0,83.7,85,IMARI,3EZI9,H7001.71.71a
457,373202000,51.894572,4.4436550000000015,2016-02-12 15:03:00,53.535772,9.986082,2016-02-13 16:38:00,78834407,2016-02-13 03:36:00,71,145,25,10.642000000000001,53.75155,6.422407,13.1,83.6,83,IMARI,3EZI9,H7001.71.71a
457,373202000,51.894572,4.4436550000000015,2016-02-12 15:03:00,53.535772,9.986082,2016-02-13 16:38:00,78835107,2016-02-13 03:37:00,71,145,25,10.642000000000001,53.75208000000001,6.42839,13.3,81.0,81,IMARI,3EZI9,H7001.71.71a
457,373202000,51.894572,4.4436550000000015,2016-02-12 15:03:00,53.535772,9.986082,2016-02-13 16:38:00,78835550,2016-02-13 03:38:00,71,145,25,10.642000000000001,53.75274,6.43464,13.4,79.1,81,IMARI,3EZI9,H7001.71.71a
457,373202000,51.894572,4.4436550000000015,2016-02-12 15:03:00,53.535772,9.986082,2016-02-13 16:38:00,78837013,2016-02-13 03:39:00,71,145,25,10.642000000000001,53.75342,6.440832,13.5,79.3,81,IMARI,3EZI9,H7001.71.71a
457,373202000,51.894572,4.4436550000000015,2016-02-12 15:03:00,53.535772,9.986082,2016-02-13 16:38:00,78837943,2016-02-13 03:40:00,71,145,25,10.642000000000001,53.75406,6.4469400000000014,13.5,80.6,81,IMARI,3EZI9,H7001.71.71a
